Review	Liked
"ఇడి నిజమైన గెంతు! ప్రతి డిష్ మాంసం నయము వరకు ఉడికిపోయింది, రుచులు ఒక కొత్త లోకము చూపించినట్లు అనిపించింది."	1
"అంబియన్స్ చాలా ట్రెండీగా ఉంది, ఫోటోలకు "	1
"సర్వీస్ అద్భుతంగా ఉంది! వెయిటర్లు చాలా అనుభవజ్ఞులు, మన ప్రతి కోరికను జాగ్రత్తగా చూసుకున్నారు. ఒక రాజుల తరహా అనుభవం లభించింది."	1
"ఆహారం బాగుంది, కానీ ఊహించినంత కాదు. కొన్ని డిష్"	0
"సర్వీస్ కాస్త నెమ్మదిగా ఉంది, కొన్ని డిష్"	0
"అంబియన్స్ మంచిదే, కానీ కొంచెం గందరగోళంగా ఉంది. ఆప్యాయత కంటే హడావిడి ఎక్కువగా అనిపించింది."	0
"ఆహారం చాలా నిరాశపరిచింది. చాలా ఎక్కువ ఉప్పు, మాంసం కూడా పాతలా అనిపించింది. తినలేక వదిలేసి వచ్చాము"	0
"సర్వీస్ ఘోరంగా ఉంది. వెయిటర్లు చాలా అసౌకర్యంగా ప్రవర్తించారు, మన ఆర్డర్"	0
"అంబియన్స్ చాలా పేలవంగా ఉంది. డర్టీగా ఉంది, టాయిలెట్స్ కూడా ఘోరంగా ఉన్నాయి. ఇక ఎప్పుడూ వెళ్ళను."	0
"ఆహారం అద్భుతంగా ఉంది, ప్రతీ బైట్"	1
"అంబియన్స్ చాలా బాగుంది, రిలాక్స్ అవ్వడానికి మరియు ఆస్వాదించడానికి పర్"	1
"సర్వీస్ చాలా ఫ్రెండ్లీ మరియు ఎఫిషియెంట్, మా అవసరాలను బాగా చూసుకున్నారు."	1
"ఖరీదు కాస్త ఎక్కువగానే ఉంది, కానీ అనుభవం ఖచ్చితంగా విలువైనది"	1
"ఆహారం బాగుంది, కానీ అంత గొప్పది కాదు. కొన్ని డిష్"	0
"సర్వీస్ కాస్త నెమ్మదిగా ఉంది, మనం చాలాసేపు వేచి ఉన్నాము. "	0
"ధర మధ్యస్థంగా ఉంది, కానీ ఆహారానికి తగినట్లుగా లేదు. "	0
"ఘుమ ఘుమలాడే దోశ, నోటికి ఉప్పొంగే చట్నీలు - ఈ రుచులు ఇంకో లోకం!"	1
"కమ్మటి బిర్యానీలో మలచిన మాంసం, మసాలా ఘాటు సరిగ్గా సరిపోయింది - తిನ್ನగా తినాలనిపిస్తుంది"	1
ఓహో... ఈ స్థలం బాగా నచ్చింది!	1
పిండి నాకు నచ్చలేదు	0
"రుచి కూడా బాగోలేదు, టెక్స్చర్ అసలు ఘోరం"	0
"మే నెల ఆఖరి వారం బ్యాంకు హాలిడే సమయంలో రిక్ స్టీవ్ సలహా మేరకు వెళ్ళాను, చాలా నచ్చింది"	1
"మెనూ చాలా బాగుంది, ధరలు కూడా అంతే!"	1
ఇంకాస్త ఫ్రెష్	0
"బంగాళాదుంపలు రబ్బరు టైర్లలా ఉన్నాయి, చాలాసేపు ముందుగానే చేసి దాచి ఉంచారని ఎవరైనా చెప్పగలరు"	0
ఫ్రైస్ కూడా చాలా బాగున్నాయి	1
చాలా ఆకర్షణీయంగా మెనూ వివరించిన తీరు	1
సేవ చాలా సత్వరమైనది	1
"మళ్లీ వెళ్ళను! 
"	0
నేను చెప్పినా క్యాషియర్	0
"కేప్ కాడ్ రావియోలి, చికెన్, క్రాన్"	1
ఆహారంలో మనిషి జుట్టు ఉన్నట్లు ఉందని చూసి నాకు వికారం వచ్చింది! 	0
"డబ్బులు మాత్రమే అని ఎక్కడా చెప్పలేదు, చూస్తే షాక్ అయ్యాను! "	0
"చాలా బాగుంది, మిస్ అవ్వకండి! "	1
"సర్వీస్ కొంచెం స్లోగా ఉంది, కానీ బాగుంది."	0
"టైం వేస్ట్ అవ్వకండి! ఇక్కడ ఏమీ బాగుండదు, వేగాస్"	0
నాకు అంతగా నచ్చలేదు	0
ఇంత రుచికరమైన ఆహారం నేను ఎప్పుడూ తినలేదు!	1
"ఆవకాయ తిపి, కారాలు నృత్యం చేస్తున్నాయి, రైస్"	1
నేను ఎంతమాత్రం ఇష్టపడలేదు	0
ఆ బర్రిటోలు బ్లా!	0
"ఆహారం, అద్భుతం"	1
సర్వీస్ కూడా చిలిపిలిగా ఉంది.	1
నాకు పట్టింపు లేదు... లోపలి అలంకరణ చాలా అందంగా ఉంది	1
వారు ప్రదర్శించారు	1
"అవును... ఆ ఎరుపు వెల్వెట్ కేక్... ఓహ్హ్, ఈ పదార్థం చాలా బాగుంది"	1
వారు మేము కోరిన సలాడ్	0
ఈ గోడపోటు లోపల గొప్ప మెక్సికన్ వీధి టాకోలు మరియు స్నేహపూర్వక సిబ్బంది ఉన్నారు	1
మా ఆహారాన్ని పొందడానికి ఒక గంట పట్టింది రెస్టారెంట్	0
అత్యంత చెత్తైనది సాల్మన్ సాషిమి. 	0
"23 కోసం బర్గర్, ఫ్రైస్ మరియు బీరు వంటి కాంబోలు కూడా ఉన్నాయి ఇది చాలా మంచి ఒప్పందం"	1
ఇది చివరి దెబ్బలా ఉంది! 	0
నేను ఈ స్థలాన్ని యాదృచ్ఛికంగా కనుగొన్నాను మరియు నేను చాలా సంతోషంగా ఉన్నాను.	1
"కొన్ని పరిచయమైన పబ్ ఆహారాన్ని కొంచెం తినడానికి మంచి వేగవంతమైన ప్రదేశంలాగా అనిపిస్తుంది, కానీ మీకోసం ఒక ఉపకారం చేసి ఎక్కడో వెతకండి. "	0
"మొత్తంమీద, నాకు ఈ స్థలం చాలా ఇష్టం"	1
"రుచికరమైన ఆహారం, ప్రియమైన సేవ మరియు అద్భుతమైన వాతావరణం"	1
అతిథి భావన రెస్టారెంట్ అనేది చాలా బాగా ఉంది	1
సేవ బాగా ఉంది.	1
ఈ రెస్టారెంట్ అందరికీ చాలా బాగా సేవ చేస్తారు. అద్భుతమైన వాతావరణం ఉంది. ఆహారం అద్భుతంగా ఉంది. మరియు ధన్యవాదాలు కలిగి ఉంటాయి!	0
రొయ్యలు లేతగా మరియు తేమగా ఉంటాయి.	1
నన్ను మళ్లీ ఆ స్థాపనలోకి లాగగలిగేంత మంచి ఒప్పందం లేదు.	0
మేము కరిగిన స్టైరోఫోమ్	0
"సానుకూల గమనికలో, మా సర్వర్ చాలా శ్రద్ధగలది మరియు గొప్ప సేవను అందించింది."	1
రిజిస్టర్ వెనుక ఉన్న కొందరు చెత్త వ్యక్తులతో అసహ్యంతో స్తంభింపజేసింది.	0
నేను ఇష్టపడే ఏకైక విషయం ప్రైమ్ రిబ్ మరియు డెజర్ట్ విభాగం.	1
ఆహారం చాలా సాధారణమైనదిగా ఉండటం చాలా చెడ్డది.	0
"బర్గర్ మంచి గొడ్డు మాంసం, సరిగ్గా వండుతారు."	1
మీకు శాండ్	1
గ్రీక్ డ్రెస్సింగ్	1
మేము అరుదైన డక్	1
నా భర్త తన సన్ గ్లాసెస్ టేబుల్	1
వారి చౌ మే చాలా బాగుంది!	1
వారు కస్టమర్ల పట్ల భయంకరమైన వైఖరిని కలిగి ఉంటారు మరియు కస్టమర్	0
భాగం భారీగా ఉంది!	1
"నచ్చింది...స్నేహపూర్వక సర్వర్లు, అద్భుతమైన ఆహారం, అద్భుతమైన మరియు ఊహాత్మక మెను."	1
డౌన్	0
చాలా సీఫుడ్ కాదు మరియు దిగువన 5 పాస్తా తీగలు వంటివి.	0
సలాడ్	1
"చిరిగిన అరటిపండు చిరిగిపోవడమే కాదు, శిలారూపమై రుచి లేకుండా పోయింది."	0
నేను నిన్ను 10 నిమిషాల పాటు అలవోకగా కదిలించే ముందు కనీసం నా నీటిని నింపాలని ఆలోచించు.	1
ఈ స్థలం వారి ఆకలి కోసం నక్షత్రాలను అందుకుంటుంది!!!	0
కాక్టెయిల్స్ అన్నీ చేతితో తయారు చేసినవి మరియు రుచికరమైనవి.	0
మేము ఖచ్చితంగా మళ్లీ ఇక్కడికి తిరిగి వస్తాము.	1
మేము ఈ స్థలాన్ని కనుగొన్నందుకు చాలా సంతోషిస్తున్నాము.	0
"గొప్ప ఆహారం మరియు సేవ, భారీ భాగాలు మరియు వారు సైనిక తగ్గింపును ఇస్తారు."	1
డాస్ గ్రింగోస్	0
అప్	1
మేము ఆహారాన్ని పొందాము మరియు వారు ఉప్పు గురించి ఎన్నడూ వినలేదు మరియు చేపల పిండి నమిలేది.	1
గొప్పదాన్ని పూర్తి చేయడానికి గొప్ప మార్గం.	1
ఈ ఒప్పందంలో 5 రుచి మరియు 2 పానీయాలు ఉన్నాయి మరియు జెఫ్ మేము ఊహించిన దాని కంటే ఎక్కువ మరియు దాటి వెళ్ళాడు.	1
"- నిజంగా, నిజంగా మంచి బియ్యం, అన్ని సమయాలలో."	1
సేవ మెహ్.	1
వారి మిల్క్	0
"ఈ స్థలం ఎక్సాలిబర్ లోపల ఉన్నందున, ఈ స్థలం చప్పరిస్తుందని నేను తెలుసుకోవాలని అనుకుంటున్నాను, కానీ నేను..."	1
స్కాలోప్ డిష్ విలువకు కూడా చాలా భయంకరంగా ఉంటుంది.	1
2 సార్లు - చాలా చెడ్డ కస్టమర్ సర్వీస్ !	0
స్వీట్ పొటాటో ఫ్రైస్ చాలా బాగున్నాయి మరియు బాగా రుచికోసం.	0
ఈరోజు నేను వారి లంచ్ బఫేకి రెండవసారి వెళ్ళాను మరియు అది చాలా బాగుంది.	1
వేగాస్	0
ఇక్కడికి రావడం రెండు పక్షాల కోసం ఎదురుచూడలేని బంధాన్ని అనుభవించడం లాంటిది...	0
లోపలికి నడిచారు మరియు ఆ ప్రదేశం పాత గ్రీజు ట్రాప్ లాగా ఉంది మరియు అక్కడ కేవలం 2 మంది మాత్రమే తింటున్నారు.	0
టర్కీ మరియు కాల్చిన గొడ్డు మాంసం చప్పగా ఉన్నాయి.	0
ఈ స్థలంలో అది ఉంది!	1
పాన్ కేక్	0
నేను ఫోను ప్రేమిస్తున్నాను మరియు స్ప్రింగ్ రోల్స్ ఓహ్ చాలా రుచికరమైన మీరు ప్రయత్నించాలి.	1
పేలవమైన పిండి మరియు మాంసం నిష్పత్తి చికెన్ టెండర్లను చాలా అసంతృప్తికరంగా చేసింది.	0
నేను చెప్పవలసిందల్లా ఆహారం అద్భుతంగా ఉంది !!!	1
ఆమ్లెట్	1
ప్రతిదీ తాజాగా మరియు రుచికరమైనది!	1
"సారాంశంలో, ఇది చాలా నిరాశపరిచే భోజన అనుభవం."	0
"ఇది మీ నోటిలో నిజంగా సెక్సీ పార్టీ లాగా ఉంది, ఇక్కడ మీరు అత్యంత హాటెస్ట్"	1
"మునుపెన్నడూ హార్డ్ రాక్ క్యాసినోకు వెళ్లలేదు, మళ్లీ ఎప్పటికీ ముందుకు అడుగు వేయను!"	0
ఉత్తమ అల్పాహారం బఫే!!!	1
మీ చిట్కా లేడీకి బై బై చెప్పండి!	0
మేము ఇక ఎప్పటికీ వెళ్లము.	0
మళ్లీ వస్తాం!	1
ఆహారం త్వరగా వచ్చింది!	1
అది బాగాలేదు.	0
"పైకి, వారి కేఫ్ నిజంగా మంచి ఆహారాన్ని అందిస్తుంది."	1
"మా సర్వర్ అద్భుతంగా ఉంది మరియు అతని భార్య కాల్చిన వెల్లుల్లి మరియు ఎముక మజ్జను ఇష్టపడుతుందని తెలుసుకున్నప్పుడు, అతను జోడించాడు..."	1
"మా వెయిటర్ మాత్రమే మంచి విషయం, అతను చాలా సహాయకారిగా ఉన్నాడు మరియు బ్లడ్డీ మేరీ వచ్చేలా చేశాడు."	1
"పట్టణంలో అత్యుత్తమ బఫెట్, ధర కోసం మీరు దానిని అధిగమించలేరు."	1
ఈ వైన్ తగ్గింపులో వండిన వారి మస్సెల్స్	1
నేను సందర్శించిన మంచి బఫేలలో ఇది ఒకటి.	1
కాబట్టి మేము టైగర్లిల్లీకి వెళ్లి అద్భుతమైన మధ్యాహ్నం గడిపాము!	1
"ఆహారం రుచికరంగా ఉంది, మా బార్టెండర్ శ్రద్ధగలవాడు మరియు వ్యక్తిగతంగా ఉండేవాడు మరియు మాకు గొప్ప ఒప్పందం లభించింది!"	1
వాతావరణం అద్భుతంగా ఉంది మరియు సంగీతం ప్లే అవుతుంది.	1
తదుపరి ట్రిప్ బయటికి తిరిగి వెళ్తాను.	1
చాలా బాగుంది!!	1
"నిజమైన సుషీ ప్రేమికులారా, నిజాయితీగా ఉండండి - యమా అంత మంచిది కాదు."	0
మేము ఆర్డర్ చేయడానికి మరియు ఆహారం చేరుకోవడానికి మధ్య కనీసం 40 నిమిషాలు గడిచాయి మరియు అది అంత బిజీగా లేదు.	0
"ఇది నిజంగా అద్భుతమైన థాయ్ రెస్టారెంట్, ఇది ఖచ్చితంగా సందర్శించదగినది."	1
"బాగుంది, కారంగా మరియు లేతగా ఉంటుంది."	1
మంచి ధరలు.	1
దీనిని పరిశీలించండి.	1
ఇది చాలా స్థూలంగా ఉంది!	0
నాకు మంచి వాతావరణం ఉంది.	0
స్టీక్	0
"ఈ ప్రదేశం యొక్క రూపురేఖలు మరియు ధ్వని నాకు చాలా నచ్చినప్పటికీ, వాస్తవ అనుభవం కొంచెం నిరుత్సాహంగా ఉంది..."	0
ఈ స్థలంలో నేను తిన్నంత చప్పగా ఉండే ఆహారాన్ని ఎలా అందించగలిగారో నాకు తెలియదు...	0
"బూట్ చేయడానికి అధ్వాన్నమైన సేవ, కానీ అది వారి ఆందోళనలలో అతి తక్కువ"	0
సేవ బాగానే ఉంది మరియు వెయిట్రెస్ స్నేహపూర్వకంగా ఉంది.	1
"కుర్రాళ్లందరికీ స్టీక్స్ ఉన్నాయి, మరియు ఉత్తమమైన మరియు చెత్త ప్రదేశాలలో స్టీక్ కలిగి ఉన్న మా స్టీక్ ప్రేమగల కొడుకు సాయి..."	1
"మంచి సుషీని పొందడానికి మీరు మరింత దూరం వెళ్లాలని మేము భావించాము, కానీ ఈ స్థలం నిజంగా స్పాట్"	1
మంచి పదం లేకపోవడంతో హోస్ట్ సిబ్బంది బిచ్చెస్!	0
బ్లాండ్... అనేక కారణాల వల్ల ఈ స్థలాన్ని ఇష్టపడలేదు మరియు చెడు సమీక్షలో సమయాన్ని వృథా చేయకూడదనుకుంటున్నాను...	0
"అసాధారణమైన ఆహారం, సేవ మరియు వాతావరణం."	1
నేను తిరిగి రాను.	0
పంది కడుపు కోసం స్ట్రిప్	1
ఈ స్థలం మధ్యస్థ ఆహారం కోసం చాలా ఎక్కువ ధరను కలిగి ఉంది.	0
పెన్నే వోడ్కా అద్భుతమైనది!	1
వారు భారీ మీట్	1
నిర్వహణ అసభ్యంగా ఉంది.	0
"రుచికరమైన NYC బేగెల్స్, క్రీమ్ చీజ్ యొక్క మంచి ఎంపికలు, కేపర్"	1
గ్రేట్ సబ్	1
నేను ఇక్కడ చాలా ఘనమైన అల్పాహారం తీసుకున్నాను.	1
ఇది వెగాస్	1
"అతను చాలా మొరటుగా ప్రవర్తించాడు మరియు నిజంగా, నేను ఈ సమయంలో భోజనం చేయడానికి ఇష్టపడే అనేక ఇతర రెస్టారెంట్లు ఉన్నాయి..."	0
నా పానీయం ఎప్పుడూ ఖాళీగా లేదు మరియు అతను కొన్ని గొప్ప మెను సూచనలను చేసాడు.	1
ఇది చేయవద్దు!!!!	0
వెయిటర్ సహాయకారిగా లేదా స్నేహపూర్వకంగా లేరు మరియు మమ్మల్ని చాలా అరుదుగా తనిఖీ చేస్తారు.	0
నా భర్త మరియు నేను ఇక్కడ భోజనం చేసాము మరియు ఆహారం మరియు సేవతో చాలా నిరాశ చెందాము.	0
మరియు ఎర్రటి కూరలో చాలా వెదురు రెమ్మలు ఉన్నాయి మరియు నాకు చాలా రుచిగా లేవు.	0
పైన మోజ్ యొక్క మంచి దుప్పటి ఉంది కానీ సబ్	1
బాత్	1
"మెను ఎల్లప్పుడూ మారుతూ ఉంటుంది, ఆహార నాణ్యత తగ్గుతోంది & సేవ చాలా నెమ్మదిగా ఉంటుంది."	0
"సేవ కొద్దిగా నెమ్మదిగా ఉంది, 3 వ్యక్తుల సర్వర్"	0
నేను దానికి 2 థంబ్స్ డౌన్ ఇస్తున్నాను	0
మా వెయిటర్ ఇతర టేబుల్	0
నా కాబోయే భర్త మరియు నేను రోజు మధ్యలో వచ్చాము మరియు మమ్మల్ని పలకరించి వెంటనే కూర్చోబెట్టాము.	1
ఇది మాండలే బే వద్ద ఉన్న గొప్ప రెస్టారెంట్.	1
మేము ఫలించకుండా నలభై ఐదు నిమిషాలు వేచి ఉన్నాము.	0
సలాడ్	0
కొన్ని ముఖ్యాంశాలు: ఇక్కడ గొప్ప నాణ్యత గల నిగిరి!	1
సిబ్బంది స్నేహపూర్వకంగా ఉంటారు మరియు ఉమ్మడి ఎల్లప్పుడూ శుభ్రంగా ఉంటుంది.	1
"ఇది ఇతర రోజు ముక్క కంటే భిన్నమైన కట్, కానీ ఇప్పటికీ అద్భుతమైనది మరియు మృదువుగా ఉంది ..."	1
నేను వూడూ పాస్తాను ఆర్డర్ చేసాను మరియు తిండికి వెళ్ళిన తర్వాత నేను నిజంగా అద్భుతమైన పాస్తాను పొందడం ఇదే మొదటిసారి...	1
ఈ స్థలం బాగుంది.	1
"దురదృష్టవశాత్తూ, మిగిలిపోయిన రోజున మేము బేకరీని కొట్టి ఉండాలి ఎందుకంటే మేము ఆర్డర్ చేసినవన్నీ పాతవి."	0
వారు మకాం మార్చారు మరియు ఇప్పటికీ ఆకట్టుకోనందున నేను ఈ రోజు తిరిగి వచ్చాను.	0
నేను వెంటనే కూర్చున్నాను.	1
వారి మెను వైవిధ్యమైనది మరియు సరసమైన ధర.	1
అన్ని ఖర్చులు మానుకోండి!	0
రెస్టారెంట్ ఎల్లప్పుడూ నిండి ఉంటుంది కానీ వేచి ఉండదు.	1
రుచికరమైన!!	1
ఈ స్థలం ఫీనిక్స్ మెట్రో ప్రాంతంలో తినడానికి ఉత్తమమైన ప్రదేశాలలో ఒకటి.	1
కాబట్టి మీరు మంచి ఆహారం కోసం చూస్తున్నట్లయితే అక్కడికి వెళ్లకండి ...	0
నేను ఇంత దారుణంగా ఎప్పుడూ ప్రవర్తించలేదు.	0
బేకన్ హెల్లా ఉప్పగా ఉంటుంది.	1
మేము బచ్చలికూర మరియు అవకాడో సలాడ్	0
"ఇది నిజంగా వేగాస్ ఫైన్ డైనింగ్ ఎలా ఉండేది, మహిళలకు అందజేసే మెనుల వరకు..."	1
వెయిట్రెస్	1
"ప్రభూ, ఖావో సోయ్ అనేది కూర ప్రియులు మిస్ చేయకూడని వంటకం!"	1
మెనులోని ప్రతిదీ అద్భుతంగా ఉంది మరియు వారు అద్భుతమైన వసతిని కల్పించినందుకు మేము కూడా ఆశ్చర్యపోయాము...	1
"బహుశా నేను వాటిని రాత్రిపూట ఇతర సమీక్షల ద్వారా జడ్జ్ చేస్తూ పట్టుకున్నాను, కానీ నేను తిరిగి వెళ్ళడానికి ప్రేరణ పొందలేదు."	0
ఇక్కడ సేవ కోరుకునేది చాలా మిగిలి ఉంది.	0
వాతావరణం ఆధునికంగా మరియు హిప్	1
"వారానికొకసారి హంట్ కాదు, కానీ ఖచ్చితంగా ప్రతిసారీ తిరిగి రావాల్సిన ప్రదేశం."	1
మా ఆర్డర్ తీసుకోమని ఎవరూ అడగకపోవడంతో మేము అక్షరాలా 20 నిమిషాలు అక్కడే కూర్చున్నాము.	0
బర్గర్	0
"నేను కూడా తిరిగి పంపకూడదని నిర్ణయించుకున్నాను, ఎందుకంటే మా వెయిట్రెస్"	0
నేను చాలా అసభ్యంగా ప్రవర్తించేలా దుస్తులు ధరించాను!	0
ఇది బహుశా ధూళి.	0
"ఈ ప్రదేశాన్ని ఇష్టపడండి, నాకు ఏదైనా ఆరోగ్యకరమైనది కావాలనుకున్నప్పుడు, పరిమాణంలో లేదా రుచిలో లోపించినప్పుడు అది గుర్తించబడుతుంది."	1
"నేను లెమన్ రాస్ప్బెర్రీ ఐస్ కాక్టెయిల్ను ఆర్డర్ చేసాను, అది కూడా నమ్మశక్యం కాదు."	1
"ఆహారం పీల్చుకుంది, మేము ఊహించినది కానీ అది మనం ఊహించిన దాని కంటే ఎక్కువగా పీల్చుకుంది."	0
ఆసక్తికరమైన డెకర్.	1
అక్కడ నాకు చాలా ఇష్టం క్రేప్ స్టేషన్.	1
"అలాగే వేడి వేడి బ్రెడ్ మరియు వెన్న, మరియు పైన బేకన్ బిట్స్"	1
వారు రుచికరమైన ఆహారాన్ని తయారుచేయడాన్ని మీరు చూడవచ్చు!)	1
ఎగ్ రోల్స్ రెండూ అద్భుతంగా ఉన్నాయి.	1
"నా ఆర్డర్ వచ్చినప్పుడు, ఒక గైరో లేదు."	0
నేను రెక్కలతో సలాడ్	1
ఫీనిక్స్ మ్యాగజైన్ పాఠకులచే జోయిస్ లోయలో ఉత్తమ హాట్ డాగ్	0
ఫో యొక్క రుచికరమైన గిన్నె కోసం వెళ్ళడానికి ఉత్తమమైన ప్రదేశం!	1
శుక్రవారాల్లో లైవ్ మ్యూజిక్ పూర్తిగా అలరిస్తుంది.	0
నేను ఎప్పుడూ అవమానించబడలేదు లేదా అగౌరవంగా భావించలేదు.	0
చాలా స్నేహపూర్వక సిబ్బంది.	1
ఇది డ్రైవ్ విలువైనది.	1
"నేను ఈ స్థలం గురించి మంచి విషయాలు విన్నాను, కానీ నేను కలలుగన్న ప్రతి ఆశను మించిపోయింది."	1
ఆహారం చాలా బాగుంది మరియు సేవ కూడా అంతే!	1
వెచ్చని బీర్ సహాయం చేయలేదు.	0
గొప్ప బ్రంచ్ స్పాట్.	1
సేవ స్నేహపూర్వకంగా మరియు ఆహ్వానించదగినది.	1
చాలా మంచి లంచ్ స్పాట్.	1
నేను 1979 నుండి ఇక్కడ నివసిస్తున్నాను మరియు నేను ఈ స్థలంలోకి అడుగు పెట్టడం ఇదే మొదటి (మరియు చివరి) సారి.	0
ఎప్పటికీ చెత్త అనుభవం.	0
ఈ స్థలంలో ఒక రాత్రి తప్పక ఉండవలసి ఉంటుంది.	0
"భుజాలు రుచికరమైనవి - మిశ్రమ పుట్టగొడుగులు, యుకాన్ గోల్డ్ పురీ, వైట్ కార్న్ - బీటీయస్."	1
"ఆ బగ్ ఎప్పుడూ కనిపించకపోతే నేను ఖచ్చితంగా 4 ఇచ్చేవాడిని, కానీ గోడకు అవతలి వైపున..."	0
"దాదాపు 10 నిమిషాల పాటు, మేము ఆమె సలాడ్ కోసం ఎదురు చూస్తున్నాము, అది ఎప్పుడైనా రావడం లేదని మేము గ్రహించాము..."	0
నా స్నేహితుడు సాల్మన్ టార్టార్	1
వెనక్కి వెళ్ళను.	0
చాలా రుచికరమైనది!	1
వెయిట్రెస్ అయితే బాగుంది!	1
తడిగా మరియు మంచిది కాదు.	0
జమైకన్ మోజిటోస్ రుచికరమైనవి.	1
ఇవి చిన్నవి మరియు ధరకు తగినవి కావు.	0
- ఆహారం సమృద్ధిగా ఉంది కాబట్టి తదనుగుణంగా ఆర్డర్ చేయండి.	1
"షవర్ ఏరియా బయట ఉంది కాబట్టి మీరు కడుక్కోవచ్చు, పూర్తిగా స్నానం చేయకూడదు, మీరు పట్టించుకోనట్లయితే..."	0
సేవ కొంచెం లోపించింది.	0
"లోబ్స్టర్ బిస్క్యూ, బస్సెల్ స్ప్రౌట్స్, రిసోట్టో, ఫైలెట్ అన్నింటికీ ఉప్పు మరియు మిరియాలు అవసరం.. మరియు వాస్తవానికి అక్కడ ఉన్నాయి..."	0
ఆశాజనక ఇది వారు వ్యాపారం నుండి బయటికి వెళ్లడానికి మరియు వంట చేయగల ఎవరైనా లోపలికి రావచ్చని ఆశిస్తున్నాము.	0
"ఇది చాలా చల్లగా ఉంది, తగినంత రుచి లేదా చెడుగా ఉంది."	0
నేను బేకన్ చుట్టిన తేదీలను ఇష్టపడ్డాను.	1
ఇది నమ్మశక్యం కాని బేరం!	1
ఒట్టోలోని వ్యక్తులు ఎల్లప్పుడూ మాకు చాలా స్వాగతం మరియు ప్రత్యేక అనుభూతిని కలిగిస్తారు.	1
"మెయిన్స్ విషయానికొస్తే, అది కూడా స్ఫూర్తిని పొందలేదు."	0
నేను మొదట ఫో కలిగి ఉన్న ప్రదేశం ఇది మరియు ఇది అద్భుతమైనది !!	1
ఈ అద్భుతమైన అనుభవం మేము మళ్లీ పట్టణంలో ఉన్నప్పుడల్లా ఈ ప్రదేశాన్ని తప్పక ఆగేలా చేసింది.	1
"ఆహారం మీకు సరిపోకపోతే, ప్రపంచంలోని చెత్త/బాధించే తాగుబోతు వ్యక్తులతో వ్యవహరించడం ఆనందించండి..."	0
చాలా చాలా సరదాగా చెఫ్.	1
డబుల్ చీజ్	0
ఒక జంట పానీయాలు త్రాగడానికి మరియు గోడలు కప్పబడి ఉన్నందున ఏదైనా మరియు అన్ని క్రీడా ఈవెంట్లను చూడటానికి గొప్ప ప్రదేశం...	1
"వారికి సున్నా నక్షత్రాలు ఇవ్వడం సాధ్యమైతే, వారు దానిని కలిగి ఉంటారు."	0
"వివరణలు ""యం యమ్ సాస్"" అని మరియు మరొకరు ""ఈల్ సాస్"" అని, ఇంకొకరు ""స్పైసీ మాయో"" అని చెప్పారు......"	0
"అది కష్టతరమైన నిర్ణయం అని నేను చెప్తాను... నిజాయితీగా, M యొక్క అన్ని వంటకాలు అవి ఎలా ఉంటాయో ఊహించుకోండి"	1
ఆమె కళ్లు తిప్పుకోకుంటే మనం అలాగే ఉండిపోవచ్చు... మేము వెనక్కి వెళ్లి మళ్లీ ప్రయత్నిస్తామో లేదో తెలియదు.	0
"ప్రతి ఒక్కరూ చాలా శ్రద్ధగలవారు, అద్భుతమైన కస్టమర్ సేవను అందిస్తారు."	1
భయంకరమైనది - మీ సమయాన్ని మరియు డబ్బును వృధా చేసుకోకండి.	0
ఇప్పుడు ఈ వంటకం చాలా రుచిగా ఉంది.	1
"ఈ సమయానికి మా రెస్టారెంట్ దాదాపు ఖాళీగా ఉంది, కాబట్టి క్షమించలేదు."	0
"(ఇది కూడా బిజీగా లేదు) అలాగే, భవనం చల్లగా ఉంది."	0
"ఇతర సమీక్షకుడు చెప్పినట్లుగా ""మీరు మళ్లీ ఈ స్థలంలో తినడానికి నాకు చెల్లించలేరు."""	0
-పానీయాలు ఒక సమయంలో బయటకు రావడానికి దాదాపు 30 నిమిషాల సమయం పట్టింది.	0
"గంభీరంగా సువాసనగల డిలైట్స్, చేసారో."	1
నేను వెగాస్	1
లైటింగ్ మూడ్ సెట్ చేయడానికి తగినంత చీకటిగా ఉంటుంది.	1
నేను అందుకున్న సబ్-పార్ సర్వీస్ ఆధారంగా మరియు నా వ్యాపారం కోసం వారి కృతజ్ఞతని చూపించడానికి ఎటువంటి ప్రయత్నం చేయనందున నేను గెలిచాను'...	0
యజమాని నిజంగా గొప్ప వ్యక్తులు.!	1
అక్కడ పనిచేయడం/తినే విశేషాలు ఏమీ లేవు.	0
గ్రీక్ డ్రెస్సింగ్ చాలా క్రీము మరియు రుచిగా ఉంది.	1
ఓవరాల్	0
ఇప్పుడు పిజ్జా బాగానే ఉంది వేరుశెనగ సాస్ చాలా రుచిగా ఉంది.	1
మా టేబుల్ వద్ద 7 ఉన్నాయి మరియు సేవ చాలా వేగంగా ఉంది.	1
ఇక్కడ అద్భుతమైన సేవ.	1
నేను కూడా వీలైతే గాడ్	0
వాటిని ఇక్కడ ఎలా తయారు చేయాలో వారికి తెలుసు.	1
చాలా కఠినమైనది మరియు రుచిలో చాలా చిన్నది!	0
ఈ స్థలం చుట్టూ ఉంటుందని నేను ఆశిస్తున్నాను.	1
నేను వెగాస్	0
రెస్టారెంట్ వాతావరణం అద్భుతంగా ఉంది.	1
"బూట్ చేయడానికి మంచి సేవ, చాలా శుభ్రంగా మరియు చవకైనది!"	1
సముద్రపు ఆహారం తాజాగా మరియు భాగానికి ఉదారంగా ఉంది.	1
"అదనంగా, ఇది కేవలం 8 బక్స్ మాత్రమే."	1
సేవ కూడా సమానంగా లేదు.	0
"ఇప్పటివరకు, రెండుసార్లు మాత్రమే సందర్శించారు మరియు ప్రతిసారీ ఆహారం ఖచ్చితంగా రుచికరమైనది."	1
నేను ఒక సంవత్సరం కంటే ఎక్కువ కాలం క్రితం కలిగి ఉన్నప్పుడు కేవలం మంచి!	1
"స్వీయ ప్రకటిత కాఫీ కేఫ్ కోసం, నేను తీవ్ర నిరాశకు గురయ్యాను."	0
వెజిటేరియన్ పళ్ళెం ఈ లోకంలో లేదు!	1
మీరు ఇక్కడ ఏ ఆహారంతోనూ తప్పు చేయలేరు.	1
మీరు దానిని కొట్టలేరు.	1
ఐరన్	1
చెఫ్	1
నేను అంకితమైన బోబా టీ స్పాట్	0
నేను డాబాను ఇష్టపడ్డాను మరియు సేవ అత్యద్భుతంగా ఉంది.	1
మేక టాకో మాంసాన్ని తగ్గించలేదు మరియు వావ్ ఎంత ఫ్లేవర్!	1
మళ్ళీ కాదు అనుకుంటున్నాను	0
నేను మాక్ సలాడ్	0
నేను స్నేహితుడి సిఫార్సుపై బాచి బర్గర్	1
సేవ ఇక్కడ దుర్వాసన!	0
నేను వేచి ఉండిపోయా.	0
"ఈ స్థలం నాణ్యమైన సుషీ కాదు, నాణ్యమైన రెస్టారెంట్ కాదు."	0
నేను ఖచ్చితంగా రెక్కలను అలాగే పిజ్జాను సిఫార్సు చేస్తాను.	1
గొప్ప పిజ్జా మరియు సలాడ్	1
తప్పు జరిగిన విషయాలు: - వారు సాగనకిని కాల్చారు.	0
నేను ఇంట్లో 100 రెట్లు మెరుగ్గా చేయగలిగే అల్పాహారం కోసం మేము ఒక గంట వేచి ఉన్నాము.	0
ఈ ప్రదేశం అద్భుతమైనది!	1
నా తోటి యెల్పర్	0
"2 గంటలు వేచి ఉన్నా, తర్వాత వచ్చిన మా చుట్టూ ఉన్న చాలామందికి మా పిజ్జాలు లభించలేదు!"	0
ఎందుకు అంత ధీమాగా ఉన్నారో తెలియదు.	0
"సిబ్బంది చాలా బాగుంది, ఆహారం రుచికరమైనది మరియు వారికి అద్భుతమైన బీర్ ఎంపిక ఉంది."	1
"నేను పొరుగు ప్రాంతంలో నివసిస్తున్నాను కాబట్టి నేను ఇక్కడకు తిరిగి రాలేనని నిరాశ చెందాను, ఎందుకంటే ఇది అనుకూలమైన ప్రదేశం..."	0
పంది మాంసం చాలా రుచికరమైనదని నాకు తెలియదు.	1
మీరు చాలా తాజా చేపలను జాగ్రత్తగా తయారు చేస్తారు.	1
నేను 1 స్టార్ రేటింగ్ ఎందుకు ఇచ్చానో తెలుసుకునే ముందు దయచేసి ఇది నేను బాచిలో తినడం మూడోసారి అని తెలుసుకోండి...	0
వారి మెనూలో ఉన్న ప్రతిదీ విలువైనదే అనే వాస్తవాన్ని నేను ప్రేమిస్తున్నాను.	1
ఇంకెప్పుడూ నేను ఈ స్థలంలో భోజనం చేయను!	0
ఆహారం అద్భుతమైనది మరియు సేవ చాలా బాగుంది.	1
మంచి బీర్ & పానీయాల ఎంపిక మరియు మంచి ఆహార ఎంపిక.	1
దయచేసి రొయ్యల కదిలించు వేయించిన నూడుల్స్ నుండి దూరంగా ఉండండి.	0
బంగాళాదుంప చిప్ ఆర్డర్ విచారంగా ఉంది... నేను బహుశా ఆ పెట్టెలో ఎన్ని చిప్స్ ఉన్నాయో లెక్కించవచ్చు మరియు అది p...	0
ఆహారం నిజంగా బోరింగ్	0
మంచి సర్వీస్-చెక్!	1
ఈ అత్యాశతో కూడిన సంస్థ నా నుండి ఇంకో రూపాయిని చూడదు!	0
"ఎప్పటికీ, ఎప్పటికీ తిరిగి వెళ్ళదు."	0
"నేను ఎంత తిరిగి వెళ్లాలనుకుంటున్నానో, ఆ దారుణమైన సేవలో ఉత్తీర్ణత సాధించలేను మరియు తిరిగి రాను."	0
"వేసవిలో, మీరు ఒక అందమైన బహిరంగ డాబాలో భోజనం చేయవచ్చు - చాలా సంతోషకరమైనది."	1
ఇది ఇంత బాగుంటుందని నేను ఊహించలేదు!	1
అద్భుతమైన ఆహారం!	1
టోస్ట్ చేయని ఇంగ్లీష్ మఫిన్	0
తిండి చాలా బాగుంది.	1
ఎప్పటికీ వెనక్కి వెళ్లను.	0
"ధర కోసం గొప్ప ఆహారం, ఇది చాలా అధిక నాణ్యత మరియు ఇంట్లో తయారు చేయబడింది."	1
మరోవైపు బస్సు కుర్రాడు చాలా అసభ్యంగా ప్రవర్తించాడు.	0
"ఈ సమయానికి, నా స్నేహితులు మరియు నేను ప్రాథమికంగా ఈ స్థలం ఒక జోక్ అని గుర్తించాము మరియు పట్టించుకోలేదు ..."	0
"మంచి BBQ, తేలికైన ఛార్జీలు, సహేతుకమైన ధరలకు తిరిగి వెళ్లండి మరియు వారు పాత పద్ధతులకు తిరిగి వచ్చారని ప్రజలకు చెప్పండి..."	1
"మరియు మేము ఇద్దరం అక్కడ చాలా నిండుగా మరియు దాదాపు $20కి సంతోషంగా ఉన్నాము, మీరు తప్పు చేయలేరు."	1
రొట్టెలన్నీ ఇంట్లోనే తయారు చేస్తారు!	1
సేవ మాత్రమే ప్రతికూలత.	0
"అలాగే, ఫ్రైస్ ఎటువంటి సందేహం లేకుండా నేను కలిగి ఉన్న చెత్త ఫ్రైస్."	0
సేవ అసాధారణమైనది మరియు అన్ని సమీక్షల వలె ఆహారం మంచిది.	1
"కొన్ని నెలల తర్వాత, నేను తిరిగి వచ్చి అద్భుతమైన భోజనం చేసాను."	1
షావర్ర్ర్ర్మా కోసం పట్టణంలో ఇష్టమైన ప్రదేశం!!!!!!	1
బ్లాక్ ఐడ్ బఠానీలు మరియు చిలగడదుంపలు... అవాస్తవం!	1
మీరు నిరాశ చెందరు.	1
వారు దీన్ని కేవలం వైనైగ్రెట్	1
నేను చాలా ప్రదేశాలకు వెళ్తాను మరియు 1 గుడ్డు అల్పాహారాన్ని అందించే ఏ రెస్టారెంట్	0
మా అమ్మ మరియు నేను ఇంటికి వచ్చినప్పుడు ఆమె వెంటనే అనారోగ్యానికి గురైంది మరియు ఆమెకు కొన్ని సలాడ్లు మాత్రమే ఉన్నాయి.	0
సర్వర్	0
"అవి రెండూ నిజంగా నమ్మశక్యం కాని విధంగా మంచివి, మరియు మేము తిరిగి వెళ్ళినందుకు నేను చాలా సంతోషిస్తున్నాను."	1
మేము అద్భుతమైన సేవను కలిగి ఉన్నాము మరియు వాతావరణం ద్వారా సంతోషించాము.	1
అంతా స్థూలంగా ఉంది.	0
నేను ఈ స్థలాన్ని ప్రేమిస్తున్నాను.	1
గొప్ప సేవ మరియు ఆహారం.	1
మొదటిది - ఈ ప్రదేశంలో బాత్	0
"బర్గర్... నాకు ""గోల్డ్ స్టాండర్డ్"" $17 బర్గర్ వచ్చింది మరియు ఒకరకంగా నిరాశ చెందాను."	0
"OMG, ఆహారం రుచికరమైనది!"	1
ఈ స్థలం గురించి ప్రామాణికమైనది ఏమీ లేదు.	0
స్పఘెట్టి ప్రత్యేకంగా ఏమీ లేదు.	0
"అన్ని వంటలలో, సాల్మన్ ఉత్తమమైనది, కానీ అన్నీ గొప్పవి."	1
కూరగాయలు చాలా తాజాగా ఉంటాయి మరియు సాస్ ప్రామాణికమైన థాయ్ లాగా అనిపిస్తుంది.	1
టక్సన్ నుండి డ్రైవింగ్ చేయడం విలువైనదే!	1
ఎంపిక బహుశా నేను వెగాస్	0
మంచి బీర్ ఎంపిక కూడా.	1
"ఈ స్థలం చిపోటిల్ లాగా ఉంది, కానీ బెటర్."	1
"క్లాసీ/వెచ్చని వాతావరణం, ఆహ్లాదకరమైన మరియు తాజా ఆకలి పుట్టించే వంటకాలు, రసవంతమైన స్టీక్స్ (బేస్ బాల్ స్టీక్!!!!!"	1
ఇటుక ఓవెన్ బ్రెడ్ యాప్ కోసం 5 నక్షత్రాలు!	1
"నేను ఇక్కడ చాలాసార్లు తిన్నాను, ప్రతిసారీ ఆహారం రుచికరంగా ఉంటుంది."	1
ఇంకో పది నిముషాలు కూర్చొని చివరకి వదిలేసి వెళ్ళిపోయాము.	0
అతను భయంకరమైనవాడు!	0
అందరినీ సమానంగా ప్రత్యేకంగా చూస్తారు.	1
పాన్	0
అది చాలా రుచిగా ఉంది!!!	1
"మంచి వైపు, సిబ్బంది నిజంగా ఆహ్లాదకరంగా మరియు ఉత్సాహంగా ఉన్నారు - ఇది నిజమైన ట్రీట్."	1
"దురదృష్టవశాత్తు, గోర్డాన్ రామ్సే యొక్క స్టీక్ అనేది మా తదుపరి వేగాస్ పర్యటనలో మేము తీవ్రంగా నివారించాల్సిన ప్రదేశం."	0
ఎప్పటిలాగే సాయంత్రం అద్భుతమైనది మరియు ఆహారం రుచికరమైనది!	1
నా జీవితంలో నేను కలిగి ఉన్న ఉత్తమ చేప!	1
(బాత్రూమ్ పక్కనే ఉంది మరియు చాలా బాగుంది.)	1
బఫే చిన్నది మరియు వారు అందించే ఆహారం అంతా చప్పగా ఉంటుంది.	0
ఇది నేను ఇప్పటివరకు రుచి చూసిన అత్యుత్తమ ఆహారాలతో కూడిన అత్యుత్తమ చిన్న రెస్టారెంట్.	1
చాలా బాగుంది నేను చెబుతాను.	1
ఖచ్చితంగా నాకు ఆపివేయబడింది & మరెవరైనా కొనుగోలు చేస్తే తప్ప నేను తిరిగి వస్తాననే సందేహం ఉంది.	0
మా పెద్ద రౌడీ టేబుల్	1
"నేను ఆహారాన్ని వృధా చేయడం నీచమైనదిగా భావిస్తున్నాను, కానీ ఇది కేవలం ఆహారం కాదు."	0
నా భార్యకు గోరువెచ్చగా ఉండే లోబ్	0
వేగాస్	1
"సిబ్బంది చాలా బాగుంది, వాతావరణం చాలా బాగుంది."	1
అతను 5 నక్షత్రాలకు అర్హుడు.	1
నేను కడుపు నొప్పితో బయలుదేరాను మరియు మిగిలిన రోజంతా అనారోగ్యంతో ఉన్నాను.	0
వారు బంతి కంటే ఎక్కువగా పడిపోయారు.	0
"భోజన స్థలం చిన్నది, కానీ సొగసైన అలంకరించబడి మరియు సౌకర్యవంతంగా ఉంటుంది."	1
మీరు కోరుకున్న విధంగా వారు మీ ఆర్డర్	1
మరియు బీన్స్ మరియు బియ్యం ఉత్తమంగా మధ్యస్థంగా ఉన్నాయి.	0
ఇప్పటివరకు పట్టణంలో అత్యుత్తమ టాకోలు!!	1
నేను నా డబ్బును వెనక్కి తీసుకొని అక్కడి నుండి బయటికి వచ్చాను.	0
"పట్టణంలోని ఆసక్తికరమైన ప్రాంతంలో, ఈ ప్రదేశం అద్భుతంగా ఉంది."	1
మొరటుగా & అనాలోచిత నిర్వహణ.	0
"సిబ్బంది ఇప్పుడు స్నేహపూర్వకంగా లేరు, సేవ కోసం వేచి ఉండే సమయం భయంకరంగా ఉంది, ఎవరూ హాయ్ కూడా అనరు..."	0
నేను తిరిగి రాను.	0
వారు గొప్ప విందులు కలిగి ఉన్నారు.	1
సేవ అద్భుతంగా ఉంది & నేను ఖచ్చితంగా హాలిబట్	1
ఆహారం భయంకరంగా ఉంది.	0
విల్ ఎవర్ ఎవర్ బ్యాక్ బ్యాక్ మరియు ఏమి జరిగిందో చాలా మందికి చెప్పలేదు.	0
మీ కారు దాని ముందు చెడిపోయి మీరు ఆకలితో ఉంటే తప్ప నేను సిఫారసు చేయను.	0
నేను వెగాస్	1
ఈ స్థలం ఒక నక్షత్రానికి అర్హమైనది మరియు 90% ఆహారంతో సంబంధం కలిగి ఉంటుంది.	0
ఇది అవమానకరం.	0
డెఫ్ తదుపరిసారి బౌలింగ్	1
"మీకు ఆరోగ్యకరమైన ప్రామాణికమైన లేదా నైతిక ఆహారం కావాలంటే, ఈ స్థలాన్ని ప్రయత్నించండి."	1
నేను లేడీస్ నైట్ మరియు డిడిడి డేట్ నైట్	1
నేను గతంలో చాలా సార్లు ఇక్కడకు వచ్చాను మరియు అనుభవం ఎల్లప్పుడూ గొప్పది.	1
మేము మా మొదటి వేగాస్ బఫే అనుభవం గురించి సంతోషంగా మరియు సంతోషంగా వెళ్లిపోయాము.	1
సేవ అద్భుతమైనది మరియు ఇది వెగాస్ మరియు లోపల ఉన్నందున ధరలు చాలా సహేతుకమైనవి ...	1
"సంగ్రహంగా చెప్పాలంటే... ఆహారం నమ్మశక్యం కానిది, కాదు, అతీతమైనది... కానీ ఏదీ నాకు ఆనందాన్ని కలిగించలేదు..."	1
ఇయాన్స్	0
పిల్లల కోసం చాలా గొప్ప సైడ్ డిష్ ఎంపికలతో పిల్లల పిజ్జా ఎల్లప్పుడూ విజయవంతమవుతుంది!	1
సేవ ఖచ్చితంగా ఉంది మరియు కుటుంబ వాతావరణం చూడటానికి బాగుంది.	1
పరిపూర్ణంగా వండుతారు మరియు సేవ తప్పుపట్టలేనిది.	1
ఇది కేవలం ఒక నిరాశ మాత్రమే.	0
"మొత్తంమీద, Bouchon వద్ద ఆహార నాణ్యతతో నేను చాలా నిరాశ చెందాను."	0
నేను చిక్కుకుపోతున్నానని తెలుసుకోవాలంటే నేను అకౌంటెంట్	0
"తినడానికి గొప్ప ప్రదేశం, శాన్ ఫ్రాన్సిస్కో బే ఏరియాలోని చిన్న అమ్మ మరియు పాప్ షాపులను నాకు గుర్తు చేస్తుంది."	1
ఈరోజు నా మొదటి రుచి బుల్డోగిస్ గౌర్మెట్ హాట్ డాగ్ మరియు నేను ఈవ్ కంటే ఎక్కువ అని మీకు చెప్పాలి...	1
చాలా నిరుత్సాహంగా వెళ్లిపోయారు.	0
నేను ఖచ్చితంగా మళ్ళీ త్వరలో వస్తాను.	1
ఆహారం చాలా బాగుంది మరియు నేను త్వరగా పూర్తి చేసాను.	1
సేవ అద్భుతంగా ఉంది.	1
మొత్తం సమయం వృధా.	0
ఇది ఎలాంటిదో నాకు తెలియదు కానీ వారి వద్ద ఉత్తమమైన ఐస్	1
"ఆకలితో రండి, సంతోషంగా మరియు సగ్గుబియ్యంతో వదిలివేయండి!"	1
"సేవ కోసం, నేను వారికి నక్షత్రాలను ఇవ్వను."	0
మీరు నిరాశ చెందరని నేను మీకు హామీ ఇస్తున్నాను.	1
నేను కొంచెం చెడ్డ సేవను తీసుకోగలను కానీ ఆహారం సక్స్.	0
క్రస్ట్	0
కానీ ఇప్పుడు నేను పూర్తిగా వసూళ్లు సాధించాను.	0
నేను ఇక్కడ తినడం చాలా ఆనందించాను.	1
మొదటిసారి వెళుతున్నాను కానీ నేను త్వరగా రెగ్యులర్ అవుతానని అనుకుంటున్నాను.	1
"మా సర్వర్ చాలా బాగుంది, మరియు అతను మా అవసరాలన్నిటితో కొంచెం ఎక్కువగా కనిపించినప్పటికీ, అతను..."	1
నా డిన్నర్ సహచరులు నాకు చెప్పిన దాని నుండి... ప్రతిదీ చక్కని ఆకృతి మరియు రుచితో చాలా తాజాగా ఉంది.	1
"నేలపై, మా టేబుల్ పక్కన పెద్ద, అద్ది, ప్రతిచోటా అడుగుపెట్టి-ట్రాక్ చేయబడింది ..."	0
"ఇంకా, మీరు వెబ్"	0
మేము ఈ స్థలాన్ని ఇష్టపడటానికి ప్రయత్నించాము కానీ 10+ సార్లు తర్వాత మేము వాటిని పూర్తి చేసామని అనుకుంటున్నాను.	0
అది ఎంత పొరపాటు!	0
ఫిర్యాదులు లేవు!	1
ఇది చాలా మంచి పిజ్జా మరియు నేను ఈ అంశంపై నిపుణుడిని/అనుకూలుడిని.	1
వెయిటర్ ఒక కుదుపు.	0
"సమ్మె 2, ఎవరు తొందరపడాలనుకుంటున్నారు."	0
నేను చూసిన అత్యుత్తమ రెస్టారెంట్ యజమానులు వీరే.	1
నేను మళ్లీ రాను.	0
మేము బిస్కెట్లను ఇష్టపడ్డాము !!!	1
సేవ వేగంగా మరియు స్నేహపూర్వకంగా ఉంటుంది.	1
"ఆకలిని ఆర్డర్ చేసి 40 నిమిషాలు పట్టింది, ఆపై పిజ్జా మరో 10 నిమిషాలు."	0
కాబట్టి ఖచ్చితంగా అద్భుతమైన.	1
ఇది 3/4వ వంతు గ్రిజిల్ మరియు లావుగా ఉండే భారీ ఇబ్బందికరమైన 1.5lb ఆవు ముక్క.	0
ఖచ్చితంగా మళ్లీ ఇక్కడకు వస్తాను.	1
నాకు స్టెయినర్స్ అంటే చాలా ఇష్టం ఎందుకంటే అది చీకటిగా ఉంది మరియు అది బార్ లాగా అనిపిస్తుంది.	1
వావ్ చాలా స్పైసీ కానీ రుచికరమైన.	1
"మీకు పరిచయం లేకుంటే, దాన్ని తనిఖీ చేయండి."	1
నేను నా వ్యాపార విందు డాలర్లను వేరే చోటికి తీసుకెళ్తాను.	0
నేను తిరిగి వెళ్ళడానికి ఇష్టపడతాను.	1
"ఏది ఏమైనా, ఈ FS రెస్టారెంట్"	1
ప్రత్యేకంగా ఏమీ లేదు.	0
వారంలోని ప్రతి రోజు వారు విభిన్నమైన ఒప్పందాన్ని కలిగి ఉంటారు మరియు ఇది చాలా రుచికరమైనది!	1
"పియర్స్, బాదం మరియు బేకన్ కలయిక పెద్ద విజేత అని ప్రత్యేకంగా చెప్పనక్కర్లేదు!"	1
తిరిగి రాదు.	0
సాస్ రుచి లేకుండా ఉంది.	0
"ఆహారం రుచికరమైనది మరియు తగినంత కారంగా ఉంటుంది, కాబట్టి మీరు దానిని ఆ విధంగా ఇష్టపడితే స్పైసియర్ కోసం అడగండి..."	1
నా రిబీ స్టీక్ సంపూర్ణంగా వండబడింది మరియు గొప్ప మెస్క్వైట్ రుచిని కలిగి ఉంది.	1
మేము ఎప్పుడైనా తిరిగి వెళ్తామని నేను అనుకోను.	0
ఆహారం చాలా బాగుండేది.	1
నేను సుషీ అన్నీ తెలిసిన వ్యక్తికి దూరంగా ఉన్నాను కానీ మంచి ఆహారం మరియు చెడు మధ్య వ్యత్యాసాన్ని నేను ఖచ్చితంగా చెప్పగలను...	0
నేను చాలా అవమానించబడ్డాను.	0
నేను ఇక్కడ భోజనం చేసిన గత 3 సార్లు చెడుగా ఉంది.	0
చికెన్ వింగ్స్	0
"ఆహారం చాలా బాగుంది మరియు నేను ప్రతి నోరు ఆనందించాను, జంటలు చిన్న ఫా..."	1
నర్గిలే - నువ్వు గొప్పవాడివి అని నా అభిప్రాయం.	1
నైరుతిలో ఉత్తమ టాటర్ టోట్స్.	1
మేము స్థలాన్ని ఇష్టపడ్డాము.	1
నేను చెల్లించిన $3కి ఖచ్చితంగా విలువ లేదు.	0
వనిల్లా ఐస్ క్రీం క్రీమీగా మరియు స్మూత్	1
నేను అన్ని సమయాలలో AZలో ఉన్నాను మరియు ఇప్పుడు నా కొత్త స్థానాన్ని పొందాను.	1
మేనేజర్ చెత్తగా ఉన్నాడు.	0
లోపల నిజంగా చాలా బాగుంది మరియు చాలా శుభ్రంగా ఉంది.	1
ఆహారం అత్యుత్తమంగా ఉంది మరియు ధరలు చాలా సహేతుకంగా ఉన్నాయి.	1
నేను ఆహారం కోసం ఎప్పుడైనా కార్లీస్	0
"ఇది అంగీకరించడానికి 20 నిమిషాలు పట్టింది, ఆపై గ్రా..."	0
మార్గరీటాలను కూడా ప్రేమించండి!	1
ఇది నా మొదటి మరియు ఏకైక వేగాస్ బఫే మరియు ఇది నిరాశపరచలేదు.	1
"చాలా బాగుంది, అయితే!"	1
వన్ డౌన్ నోట్ ఏమిటంటే వెంటిలేషన్ కొన్ని అప్	0
గొప్ప పంది శాండ్	1
మీ సమయాన్ని ఇక్కడ వృధా చేసుకోకండి.	0
"మొత్తం నిరుత్సాహం, నేను కేమెల్"	0
"మూడవది, నా స్నేహితుడి బర్గర్"	0
మేము వారి పిజ్జా మరియు బ్రంచ్ ఆనందిస్తాము.	1
స్టీక్స్ అన్నీ బాగా కత్తిరించబడ్డాయి మరియు ఖచ్చితంగా వండుతారు.	1
మేము 40 మందిని మాత్రమే కలిగి ఉంటామని మేము క్లెయిమ్ చేసినప్పుడు మాకు 70+ మంది సమూహం ఉంది మరియు వారు మమ్మల్ని అందంగా నిర్వహించారు.	1
నేను దానిని ఇష్టపడ్డాను!	1
"తినకుండానే బిల్లు అడిగాం, అది కూడా తీసుకురాలేదు."	0
ఈ స్థలం లాస్ వెగాస్	1
"సీఫుడ్ ఉడకబెట్టిన రొయ్యలు మరియు పీత కాళ్లకు మాత్రమే పరిమితం చేయబడింది, అయితే పీత కాళ్లు ఖచ్చితంగా తాజా రుచిని కలిగి ఉండవు."	0
ఆహారం ఎంపిక ఉత్తమం కాదు.	0
రుచికరమైన మరియు నేను ఖచ్చితంగా తిరిగి వస్తాను!	1
"ఇది చిన్న కుటుంబ రెస్టారెంట్ కాదు, ఇది చక్కటి భోజన స్థాపన."	1
వారు అసాధారణమైన కేవియర్	1
నేను చాలా కాలం పాటు తిరిగి వస్తానని అనుకోను.	0
ఇది గ్యాస్ స్టేషన్	0
ఎంత అద్భుతంగా ఉంది.	1
నేను త్వరలో చాలా సార్లు తిరిగి వస్తాను.	1
"మెనులో చాలా మంచి అంశాలు ఉన్నాయి, నేను నిర్ణయించలేకపోయాను!"	1
"అన్నింటికంటే దారుణంగా, అతను నా ముందు తన పనివాడిని అవమానించాడు.. భయంకరమైన పేరు పిలవడం."	0
ముగింపు: చాలా నింపే భోజనం.	1
వారి రోజువారీ ప్రత్యేకతలు నా సమూహంలో ఎల్లప్పుడూ హిట్ అవుతాయి.	1
ఆపై విషాదం నెలకొంది.	0
పాన్కేక్ కూడా చాలా బాగుంది మరియు చాలా పెద్దది.	1
"ఇది నా మొదటి క్రాఫిష్ అనుభవం, మరియు ఇది రుచికరమైనది!"	1
వారి రాక్షసుడు చికెన్ వేయించిన స్టీక్ మరియు గుడ్లు నా ఆల్ టైమ్ ఫేవరెట్.	1
వెయిట్రెస్ తీపి మరియు ఫన్నీ.	1
నేను పెకాన్ వెన్నతో మా అమ్మ యొక్క బహుళ-ధాన్యం గుమ్మడికాయ పాన్	1
నేను ఎయిర్	0
ఈ స్థలం గురించి తగినంత మంచి విషయాలు చెప్పలేను.	1
వాతావరణం అపురూపంగా ఉంది.	1
వెయిట్రెస్ మరియు మేనేజర్ చాలా స్నేహపూర్వకంగా ఉన్నారు.	1
నేను ఈ స్థలాన్ని సిఫార్సు చేయను.	0
ఓవరాల్	0
నా గైరో ప్రాథమికంగా పాలకూర మాత్రమే.	0
భయంకరమైన సేవ!	0
పూర్తిగా నిరాశ!	0
"నేను ప్రతి పాస్తాను ఎక్కువగా ఉపయోగించను, కానీ ఇక్కడ ఇంట్లో/చేతితో తయారు చేసిన పాస్తాలు మరియు సన్నని పిజ్జాలు నాకు చాలా ఇష్టం."	1
"ఒకసారి ప్రయత్నించండి, మీరు చేసినందుకు మీరు సంతోషంగా ఉంటారు."	1
ఇప్పటివరకు మేము కలిగి ఉన్న అత్యుత్తమ చీజ్	1
సరసమైన ధర కూడా!	1
మేము ఉన్న రాత్రి అంతా సరిగ్గా జరిగింది.	1
మీ సాధారణ బార్ ఫుడ్	1
అది అక్కడికి చేరుకోవడానికి ఒక డ్రైవ్.	0
"మొదటి చూపులో ఇది ఒక సుందరమైన బేకరీ కేఫ్ - చక్కని వాతావరణం, శుభ్రమైన, స్నేహపూర్వక సిబ్బంది."	1
"ఏమైనా, నేను అక్కడికి తిరిగి వెళ్లాలని అనుకోను."	0
"మెనులో ఏదైనా వస్తువుపై మీ వేలును సూచించండి, ఆర్డర్ చేయండి మరియు మీరు నిరాశ చెందరు."	1
"ఓహ్ ఇది చాలా అందం, ఈ రెస్టారెంట్."	1
మీరు ఇక్కడికి వెళ్లకపోతే ఇప్పుడే వెళ్లండి!	1
"ఒక జిడ్డైన, అనారోగ్యకరమైన భోజనం."	0
అక్కడ మొదటిసారి మరియు చివరిది కావచ్చు.	0
ఆ బర్గర్లు అద్భుతంగా ఉన్నాయి.	1
"అదేవిధంగా, మా ఆహారం 45 నిమిషాలు ఆలస్యం అయినప్పుడు డెలివరీ మాన్ క్షమాపణ చెప్పలేదు."	0
మరియు అది ఖరీదైన మార్గం.	0
డెజర్ట్	1
ఇది నా మొదటి సారి మరియు నేను తదుపరి వరకు వేచి ఉండలేను.	1
బార్టెండర్ కూడా బాగుంది.	1
ప్రతిదీ మంచి మరియు రుచికరమైన ఉంది!	1
ఈ స్థలం రెండు బొటనవేళ్లు పైకి....వే పైకి.	1
వేగాస్	1
"మీరు ప్రామాణికమైన మెక్సికన్ ఆహారాన్ని ఇష్టపడితే మరియు ఆసక్తికరమైన, ఇంకా రుచికరమైన మాంసాలను తినాలనుకుంటే..."	1
భయంకరమైన నిర్వహణ.	0
అనుభవజ్ఞుడైన ఫ్రెంచి వ్యక్తి చేసిన అద్భుతమైన కొత్త రెస్టారెంట్.	1
సున్నా నక్షత్రాలు ఉంటే నేను దానికి సున్నా నక్షత్రాలు ఇస్తాను.	0
"గొప్ప స్టీక్, గొప్ప వైపులా, గొప్ప వైన్, అద్భుతమైన డెజర్ట్"	1
ఎప్పుడూ చెత్త మార్టినీ!	0
స్టీక్ మరియు రొయ్యలు GCలో ఉత్తమ ప్రవేశాలుగా నా అభిప్రాయం.	1
మీ అద్భుతమైన పిజ్జాలను శాంపిల్ చేయడానికి ఈరోజు నాకు అవకాశం వచ్చింది!	1
మేము కూర్చోవడానికి ముప్పై నిమిషాలు వేచి ఉన్నాము (అయితే 8 ఖాళీ టేబుల్స్ ఉన్నాయి మరియు మేము మాత్రమే ...	0
ఎల్లోటైల్ కార్పాకియో మీ నోటిలో తాజాగా కరిగిపోయింది.	1
ఖాళీగా ఉన్నా నేను అక్కడికి తిరిగి వెళ్లడానికి ప్రయత్నించను.	0
"లేదు, నేను బంగాళాదుంప తినబోతున్నాను, అందులో కొంతమంది అపరిచితుల వెంట్రుకలు కనిపించాయి."	0
తగినంత స్పైసీ.. నిజానికి పర్ఫెక్ట్.	1
గత రాత్రి ఇక్కడ నేను రెండవసారి భోజనం చేశాను మరియు నేను చాలా సంతోషంగా తిరిగి వెళ్లాలని నిర్ణయించుకున్నాను!	1
"హలో, మేము మీతో సరిగ్గా ఉంటాము అని కూడా కాదు."	0
డెజర్ట్	0
నా బాయ్	1
"నేను నిజంగా ఈ స్థలాన్ని సిఫార్సు చేస్తున్నాను, ఈ డోనట్ స్థలంతో మీరు తప్పు చేయవచ్చు!"	1
చక్కటి వాతావరణం.	1
దీని కోసం గదిని ఆదా చేయాలని నేను సిఫార్సు చేస్తున్నాను!	1
బహుశా మేము ఒక రాత్రికి వెళ్ళాము కాని అది అవమానకరంగా ఉంది.	0
"అయితే, ఈ ప్రత్యేక ప్రదేశంలో నా ఇటీవలి అనుభవం అంత మంచిది కాదు."	0
ఇది ఇతర రెస్టారెంట్	0
ఈ స్థాపనను నివారించండి!	0
ఈ రెస్టారెంట్ తగినంతగా ప్రయత్నించకపోవడంతో బాధపడుతుందని నేను భావిస్తున్నాను.	0
టపాసుల వంటకాలన్నీ రుచికరంగా ఉన్నాయి!	1
I heart this place.	1
నా సలాడ్	0
రెండు తర్వాత నాకు అసహ్యంగా అనిపించింది.	0
మంచి సమయం!	1
అధిక పొత్తికడుపు ఉన్నవారికి మరియు సుషీ కోసం తహతహలాడే వారికి ఈ ప్రదేశం గొప్ప స్టాప్ అని నేను నమ్ముతున్నాను.	1
ఉదారమైన భాగాలు మరియు గొప్ప రుచి.	1
నేను ఈ ప్రదేశానికి ఎప్పటికీ తిరిగి వెళ్లను మరియు ఈ స్థలాన్ని ఎవరికీ సిఫారసు చేయను!	0
"సర్వర్లు చాలా సార్లు ముందుకు వెనుకకు వెళ్ళాయి, ""మీకు సహాయం చేస్తున్నారా?"""	0
ఆహారం రుచికరమైనది!	1
ఒక గంట... తీవ్రంగా?	0
నేను ఈ దొంగతనంగా భావిస్తున్నాను.	0
అయ్యో... ఈ లొకేషన్	0
ఇతర అతిథుల పట్ల కూడా ఆమె నిర్వహణ నాణ్యత తక్కువగా ఉందని మేము ఇటీవల చూశాము.	0
ఎదురుచూసి ఎదురుచూశారు.	0
"అతను కూడా మమ్మల్ని క్రమం తప్పకుండా తనిఖీ చేయడానికి తిరిగి వచ్చాడు, అద్భుతమైన సేవ."	1
మా సర్వర్ చాలా బాగుంది మరియు మమ్మల్ని చాలాసార్లు తనిఖీ చేసింది.	1
"పిజ్జా పాత రుచిగా ఉంది, బాగా నమలడం మంచిది కాదు."	0
నేను వాటిని ప్రయత్నించడానికి ముందుకు వచ్చాను కానీ తీవ్ర నిరాశకు గురయ్యాను.	0
సేవ బాగుంది మరియు కంపెనీ మెరుగ్గా ఉంది!	1
సిబ్బంది కూడా చాలా స్నేహపూర్వకంగా మరియు సమర్థవంతంగా ఉంటారు.	1
"సేవ విషయానికొస్తే: నేను అభిమానిని, ఎందుకంటే ఇది త్వరితగతిన మరియు మీకు కొంతమంది మంచి వ్యక్తులు అందిస్తున్నారు."	1
బాయ్ ఆ సక్కర్ డ్రై!!.	0
పైగా రేట్ చేయబడింది.	0
"మీరు ప్రామాణికమైన థాయ్ ఆహారం కోసం చూస్తున్నట్లయితే, వేరే చోటికి వెళ్లండి."	0
వారి స్టీక్స్ 100% సిఫార్సు చేయబడ్డాయి!	1
నేను నా కారును పైకి తీసిన తర్వాత నేను అంగీకరించబడటానికి ముందు మరో 15 నిమిషాలు వేచి ఉన్నాను.	0
క్లీన్ మరియు ఫ్రెండ్లీ సెట్టింగ్	1
"మొత్తం మీద, నేను తిరిగి వస్తానని హామీ ఇస్తున్నాను."	1
చవకైన నాణ్యమైన నల్ల ఆలివ్	0
"3 పెద్ద టోస్ట్ ముక్కల అందమైన ప్రదర్శనతో నా అల్పాహారం చాలా బాగుంది, తేలికగా..."	1
పిల్లలు ఆడుకునే ప్రదేశం అసహ్యంగా ఉంది!	0
బయటకు తీయడానికి లేదా తినడానికి గొప్ప ప్రదేశం.	1
వెయిట్రెస్ స్నేహపూర్వకంగా ఉంది మరియు శాకాహారి/శాకాహారి ఎంపికల కోసం సంతోషంగా ఉంది.	1
OMG ఈ వంటకం వరకు నేను ఎప్పుడూ థాయ్ ఆహారాన్ని తినలేదని నాకు అనిపించింది.	1
"ఇది చాలా ""చిన్నగా"" మరియు అందంగా రుచి లేకుండా ఉంది."	0
ఇది నైస్ మరియు చార్	0
క్రౌటన్	1
ఎన్నడూ లేనంతగా పొడిగా ఉన్న రెక్కలను చూడటానికి నేను ఇంటికి వచ్చాను!	0
ఇది ఫీనిక్స్	1
క్రీమా కేఫ్	1
డబ్బుకు మంచిది కాదు.	0
నేను దానిని కోల్పోయాను మరియు వారు ఫిలడెల్ఫియాలో ఉన్నారని కోరుకుంటున్నాను!	1
"మేము చాలా వేగంగా కూర్చున్నాము, కానీ, మా ఆర్డర్ చేయడానికి 40 నిమిషాలు వేచి ఉన్నాం, మరో 30 నిమిషాలు..."	0
వారు పట్టణంలో ఉత్తమ జున్ను క్రిస్ప్	1
"మంచి విలువ, గొప్ప ఆహారం, గొప్ప సేవ."	1
మరింత సంతృప్తికరమైన భోజనం కోసం అడగలేదు.	1
ఆహారం బాగుంది.	1
ఇది అద్భుతంగా ఉంది.	1
నేను ఇప్పుడే వెళ్లిపోవాలనుకున్నాను.	0
మేము నార్త్ స్కాట్స్	1
నేను మళ్ళీ అక్కడ తినను.	0
...	0
నేను రెండు సంవత్సరాల క్రితం ఈ స్థలాన్ని తనిఖీ చేసాను మరియు ఆకట్టుకోలేదు.	0
"నాకు లభించిన చికెన్ ఖచ్చితంగా మళ్లీ వేడి చేయబడుతుంది మరియు అది బాగానే ఉంది, వెడ్జెస్ చల్లగా మరియు తడిగా ఉన్నాయి."	0
"క్షమించండి, నేను ఎప్పుడైనా ఇక్కడ నుండి ఆహారం పొందలేను :("	0
ఖచ్చితంగా సందర్శించవలసినది!	1
ఆవు నాలుక మరియు చెంప టాకోలు అద్భుతమైనవి.	1
నా స్నేహితుడికి అతని బ్లడీ మేరీ నచ్చలేదు.	0
"నేను వ్యాపారాలకు ఎంత కఠినంగా రేట్ చేస్తున్నాను, నిజానికి నాకు 1 స్టార్ ఇవ్వడం చాలా అరుదు."	0
వారు నిజంగా మీ అనుభవాన్ని మంచిగా చేయాలనుకుంటున్నారు.	1
నేను తిరిగి రాను.	0
నేను చికెన్ ఫోను కలిగి ఉన్నాను మరియు అది చాలా చప్పగా రుచిగా ఉంది.	0
చాలా నిరాశపరిచింది!!!	0
కాల్చిన చికెన్ చాలా మృదువైనది మరియు కుంకుమపువ్వు మసాలా నుండి పసుపు రంగులో ఉంది.	1
"డ్రైవ్ త్రూ అంటే మీరు మీ ఆహారం కోసం అరగంట పాటు వేచి ఉండకూడదు, కానీ ఏదో ఒకవిధంగా మీరు..."	0
చాలా అద్భుతమైన ప్రదేశం.	1
వాతావరణం ఖచ్చితంగా ఉంది.	1
మొరటుగా మరియు నాన్-కస్టమర్ సర్వీస్ ఫోకస్డ్ కొత్త మేనేజ్	0
ఏ అమ్మమ్మ అయినా కాల్చిన చికెన్	0
నేను వైన్ జాబితా కోసం చాలాసార్లు అడిగాను మరియు నిర్లక్ష్యం చేయబడిన కొంత సమయం తర్వాత నేను హోస్టెస్ వద్దకు వెళ్లాను ...	0
"సిబ్బంది ఎల్లప్పుడూ చాలా స్నేహపూర్వకంగా మరియు సహాయకారిగా ఉంటారు, మీరు రెండు చిన్న బోనులను తీసుకువచ్చినప్పుడు ఇది చాలా బాగుంది..."	1
ఆహారం కోసం నాలుగు నక్షత్రాలు & నీలిరంగు చొక్కా ధరించిన వ్యక్తి అతని గొప్ప వైబ్ కోసం & ఇప్పటికీ మమ్మల్ని తినడానికి అనుమతిస్తున్నారు ...	1
కాల్చిన బీఫ్ శాండ్	1
"అదే సాయంత్రం, అతను మరియు నేను ఇద్దరూ తీవ్ర అనారోగ్యంతో ఉన్నాము."	0
చికెన్ సీజర్ సలాడ్	1
ఆర్డర్ చేసిన బర్గర్ రేర్ వచ్చింది మేము పూర్తి చేస్తాము.	0
మమ్మల్ని వెంటనే పలకరించి కూర్చోబెట్టారు.	1
మధ్యాహ్న భోజనానికి ఇక్కడికి వెళ్లేందుకు ప్రయత్నించగా అదో పిచ్చాసుపత్రి.	0
"ఈ సుషీ బార్ ద్వారా నేను తప్పుగా నిరూపించబడ్డాను, నాణ్యత గొప్పది మాత్రమే కాదు, సేవ కూడా..."	1
"ఒక గంట వేచి ఉండి కూర్చున్న తర్వాత, నేను గొప్ప మానసిక స్థితిలో లేను."	0
ఇది మంచి జాయింట్.	1
ఇక్కడ మాకరోన్లు చాలా మంచివి.	1
నేను ఇక్కడ తినడం లేదు!	0
"మా వెయిటర్ చాలా శ్రద్ధగలవాడు, స్నేహపూర్వకంగా మరియు సమాచారం ఇచ్చేవాడు."	1
బహుశా అవి చల్లగా లేకుంటే అవి కొంతవరకు తినదగినవిగా ఉండేవి.	0
ఈ స్థలంలో చాలా వాగ్దానాలు ఉన్నాయి కానీ వాటిని అందించడంలో విఫలమైంది.	0
చాలా చెడ్డ అనుభవం!	0
ఏమి తప్పు.	0
ఆహారం ఉత్తమంగా సగటున ఉంది.	0
గొప్ప ఆహారం.	1
మేము ఎప్పుడైనా తిరిగి వెళ్లలేము!	0
వెరీ వెరీ డిసప్పాయింట్డ్ $35 బిగ్ బే ప్లేటర్	0
విశ్రాంతి తీసుకోవడానికి మరియు అద్భుతమైన బర్గర్ మరియు బీర్ తినడానికి గొప్ప ప్రదేశం.	1
కుటుంబ సమేతంగా కూర్చోవడానికి లేదా కొంతమంది స్నేహితులతో కలిసి భోజనం చేయడానికి ఇది పర్ఫెక్ట్.	1
"వారికి చాలా రుచి లేదు, మరియు చాలా పేలవంగా నిర్మించబడింది."	0
డాబా సీటింగ్ చాలా సౌకర్యంగా ఉంది.	1
ఫ్రైడ్ రైస్ కూడా పొడిగా ఉంది.	0
నా ఫేవరెట్ ఇటాలియన్ రెస్టారెంట్!	1
"అది నా పుస్తకంలో ""LEGIT"" అని అరుస్తుంది... ఇక్కడ వెగాస్"	1
ఇది కేవలం సరదా అనుభవం కాదు.	1
మేము కోరిన పాటలను వాయించే అందమైన వయోలిన్ వాద్యకారులతో వాతావరణం చాలా బాగుంది.	1
"నేను వ్యక్తిగతంగా హమ్ముస్, పిటా, బక్లావా, ఫలాఫెల్స్ మరియు బాబా గనౌష్"	1
మేము MGMలో ఉంటున్నందున చాలా సౌకర్యవంతంగా ఉంటుంది!	1
యజమానులు చాలా స్నేహపూర్వకంగా ఉంటారు మరియు సిబ్బంది మర్యాదపూర్వకంగా ఉంటారు.	1
రెండూ గొప్పవి!	1
పరిశీలనాత్మక ఎంపిక.	1
చిలగడదుంప టోట్స్ బాగున్నాయి కానీ ఉల్లిపాయ ఉంగరాలు పరిపూర్ణంగా ఉన్నాయి లేదా నేను కలిగి ఉన్నంత దగ్గరగా ఉన్నాయి.	1
సిబ్బంది చాలా శ్రద్ధగా ఉన్నారు.	1
మరియు చెఫ్ తన సమయంతో ఉదారంగా ఉన్నాడు (రెండుసార్లు కూడా వచ్చాడు కాబట్టి మేము అతనితో చిత్రాలు తీయవచ్చు).	1
"యజమాని నోబులో పని చేసేవారు, కాబట్టి ఈ స్థలం సగం ధరకు నిజంగా సమానంగా ఉంటుంది."	1
Google సాధారణ మరియు నేను స్మాష్	0
ఇక్కడికి వెళ్లవద్దు.	0
వారు నిరాశపరచరని నేను వాగ్దానం చేస్తున్నాను.	1
సుషీ ప్రేమికుడిగా ఈ స్థలాన్ని అన్ని విధాలుగా నివారించండి.	0
ఎంత గొప్ప డబుల్ చీజ్	1
అద్భుతమైన సేవ మరియు ఆహారం.	1
ఒక అద్భుతమైన పొరుగు రత్నం !!!	1
నేను తిరిగి వెళ్ళడానికి వేచి ఉండలేను.	1
అరటిపండ్లు నేను ఎప్పుడూ రుచి చూడనంత చెత్తగా ఉన్నాయి.	0
ఇది గొప్ప ప్రదేశం మరియు నేను దీన్ని బాగా సిఫార్సు చేస్తున్నాను.	1
సేవ నెమ్మదిగా ఉంది మరియు శ్రద్ధగా లేదు.	0
"నేను దానికి 5 నక్షత్రాలు ఇచ్చాను, ఇప్పుడు 5 నక్షత్రాలు ఇస్తున్నాను."	1
మీ సిబ్బంది నాకంటే ఎక్కువ సమయం తమతో తాము మాట్లాడుకుంటున్నారు.	0
డెజర్ట్: పన్నాకోటా అద్భుతంగా ఉంది.	1
"చాలా మంచి ఆహారం, గొప్ప వాతావరణం."	1
తిట్టు మంచి స్టీక్.	1
మొత్తం బ్రంచ్ విఫలమైంది.	0
"ధరలు చాలా సహేతుకమైనవి, రుచులు గుర్తించదగినవి, సాస్ ఇంటిలో తయారు చేయబడింది మరియు స్లావ్ తడిగా లేదు..."	1
"డెకర్ బాగుంది, మరియు పియానో "	1
స్టీక్ అద్భుతంగా ఉంది... rge ఫిల్లెట్ రెల్లెనో నేను కలిగి ఉన్న అత్యుత్తమ సీఫుడ్ ప్లేట్!	1
"మంచి ఆహారం, మంచి సేవ."	1
ఇది ఖచ్చితంగా అద్భుతమైన ఉంది.	1
నిజం చెప్పాలంటే నేను బహుశా తిరిగి రాలేను.	0
ఖచ్చితంగా తిరిగి వస్తుంది!	1
ఔజు సాస్	1
"హవాయి బ్రీజ్, మ్యాంగో మ్యాజిక్ మరియు పైనాపిల్ డిలైట్ నేను ఇప్పటివరకు ప్రయత్నించిన స్మూతీస్ మరియు..."	1
భోజనానికి వెళ్ళారు - సేవ నెమ్మదిగా ఉంది.	0
"మేము వెళ్ళే ముందు స్థలం గురించి చాలా చెప్పాలి, అది అద్భుతంగా ఉంటుందని అతను ఊహించాడు, కానీ..."	0
నేను కుమిలిపోయాను.	0
మనం మళ్లీ ఇక్కడికి రాలేమని ప్రత్యేకంగా చెప్పనవసరం లేదు.	0
"ఏది ఏమైనప్పటికీ, ఆహారం ఖచ్చితంగా నింపడం లేదు, మరియు మీరు చెల్లించే ధర కోసం మీరు మరింత ఆశించాలి..."	0
బయటకు వచ్చిన చిప్స్ గ్రీజుతో కారుతున్నాయి మరియు ఎక్కువగా తినదగినవి కాదు.	0
నేను స్ట్రిప్ స్టీక్	0
2007 నుండి వెళ్తున్నారు మరియు ప్రతి భోజనం అద్భుతంగా ఉంది!!	1
సేవ చేస్తున్న ఇతర సిబ్బంది వలె మా సర్వర్ చాలా బాగుంది మరియు శ్రద్ధగా ఉంది.	1
క్యాషియర్ స్నేహపూర్వకంగా ఉన్నాడు మరియు నాకు ఆహారాన్ని కూడా తెచ్చాడు.	1
నేను ప్యారడైజ్ వ్యాలీలోని హాస్పిటాలిటీ పరిశ్రమలో పని చేస్తున్నాను మరియు Ciboని సిఫారసు చేయడం మానేశాను ...	0
ఇక్కడి వాతావరణం సరదాగా ఉంటుంది.	1
ఇతరులకు సిఫారసు చేయరు.	0
"సేవ త్వరగా మరియు ""వెళ్లడానికి"" ఆర్డర్"	1
"నా ఉద్దేశ్యం నిజంగా, మీ చేపలు మరియు చిప్స్ చాలా భయంకరంగా ఉన్నప్పుడు మీరు ఎలా ప్రసిద్ధి చెందారు!?!"	0
మా నోరు మరియు బొడ్డు ఇప్పటికీ చాలా సంతోషంగా ఉన్నాయి.	1
నా విషయం కాదు.	0
2 థంబ్స్ అప్!!	1
మీరు దీన్ని చదువుతుంటే దయచేసి అక్కడికి వెళ్లకండి.	0
"నేను కాల్చిన పిజ్జాను ఇష్టపడ్డాను, నాకు చట్టబద్ధమైన ఇటాలియన్ పిజ్జా గుర్తుకు వచ్చింది."	1
ప్రోస్ మాత్రమే: పెద్ద సీటింగ్ ఏరియా/ నైస్ బార్ ఏరియా/ గ్రేట్ సింపుల్ డ్రింక్ మెను/ ది బెస్ట్ బ్రిక్ ఓవెన్ పిజ్జా వై...	1
వారికి నిజంగా మంచి వాతావరణం ఉంది.	1
టునైట్ నేను ఎల్క్ ఫైలెట్ స్పెషల్	0
"ఒక కాటు తర్వాత, నేను కట్టిపడేశాయి."	1
మేము కొన్ని సార్లు అక్కడికి వెళ్ళిన తర్వాత కొన్ని పాత క్లాసిక్	0
"అందమైన, విచిత్రమైన, సరళమైన, నిజాయితీ."	1
చికెన్ రుచికరంగా రుచికోసం చేయబడింది మరియు బయట పర్ఫెక్ట్ ఫ్రై మరియు తేమతో కూడిన చికెన్ ఉంది...	1
"ఆహారం ఎప్పటిలాగే చాలా బాగుంది, చెఫ్"	1
ఏమి ఆర్డర్ చేయాలనే దానిపై సిఫార్సు చేసినందుకు డైలాన్ T.కి ప్రత్యేక ధన్యవాదాలు :) నా కడుపు కోసం అన్నీ రుచికరమైనవి.	1
బీర్ యొక్క అద్భుతమైన ఎంపిక.	1
గొప్ప ఆహారం మరియు అద్భుతమైన సేవ!	1
"ఒక మంచి విషయం ఏమిటంటే, మా పార్టీ 6 లేదా 8 కంటే పెద్దది కాబట్టి వారు బిల్లుపై గ్రాట్యుటీని జోడించారు, మరియు ..."	1
నా యాపిల్ జ్యూస్	0
హాన్ నాన్ చికెన్ కూడా చాలా రుచిగా ఉంది.	1
"సేవ విషయానికొస్తే, ఇది మంచిదని నేను అనుకున్నాను."	1
"ఆహారం కేవలం మోస్తరుగా ఉంది, కాబట్టి సర్వర్ దానిని బయటకు తీసుకురావడానికి వేచి ఉండి ఉండాలి..."	0
ర్యాన్స్ బార్ ఖచ్చితంగా ఎడిన్	0
నేను కొంతకాలంగా ఉన్న చక్కటి చైనీస్ రెస్టారెంట్	1
"మొత్తంమీద, నేను అక్కడ ఆహారం మరియు సేవను ఇష్టపడుతున్నాను."	1
వారు ఇప్పుడు భారతీయ నాన్ బ్రెడ్	1
బహుశా ఎప్పటికీ తిరిగి రాకపోవచ్చు మరియు దీన్ని సిఫారసు చేయను.	0
"స్నేహితుడి పాస్తా -- కూడా చెడ్డది, అతను దానిని తాకలేదు."	0
"కొన్ని రుచికరమైన ఆహారం మరియు వేగవంతమైన, స్నేహపూర్వక సేవను అనుభవించడానికి విమానాశ్రయంలో వాటిని ప్రయత్నించండి."	1
చైనీస్ కాలిగ్రఫీ వాల్ పేపర్	1
ఇక్కడ ఫిర్యాదు చేయడానికి ఎప్పుడూ ఏమీ లేదు.	1
రెస్టారెంట్ చాలా శుభ్రంగా ఉంది మరియు కుటుంబ రెస్టారెంట్ అనుభూతిని కలిగి ఉంది.	1
ఇది వేయించిన విధంగా ఉంది.	0
మేము అక్కడ ఎంతసేపు నిలబడి ఉన్నామో నాకు ఖచ్చితంగా తెలియదు కానీ నాకు ఇబ్బందిగా అనిపించడం ప్రారంభించడానికి చాలా సమయం పట్టింది...	0
నేను శాండ్	0
తిరిగి రాదు!	0
సేవతో ఒక వెచ్చని అనుభూతి ఉంది మరియు నేను ఒక ప్రత్యేక ట్రీట్ కోసం వారి అతిథిలా భావించాను.	1
విస్తృతమైన మెను అల్పాహారం కోసం అనేక ఎంపికలను అందిస్తుంది.	1
"నేను ఎల్లప్పుడూ డిన్నర్ సమయంలో శాఖాహారం మెను నుండి ఆర్డర్ చేస్తాను, ఇది f ఎంచుకోవడానికి విస్తృత ఎంపికలను కలిగి ఉంది..."	1
"వాటి ధరలు పెరగడం, భాగాలు చిన్నవి కావడం మరియు నిర్వహణ వైఖరులు వేగంగా పెరగడం నేను చూశాను!"	0
అద్భుతమైన లిల్ టపాస్ మరియు వాతావరణం నాకు లోపల వెచ్చగా మరియు గజిబిజిగా అనిపించింది.	1
నేను అద్భుతమైన వెనిగ్రెట్	1
వొంటన్	1
"5వ స్థాయి స్పైసీ ఖచ్చితంగా ఉంది, ఇక్కడ మసాలా సూప్"	1
మేము సరైన సమయానికి కూర్చున్నాము మరియు ప్రయాణం నుండి మా సర్వర్ అద్భుతంగా ఉంది!	1
"నేను ఆనందించని ప్రధాన విషయం ఏమిటంటే, గుంపులో దాదాపు 30ల మధ్య మరియు అంతకంటే ఎక్కువ వయస్సు ఉన్న వృద్ధులు ఉన్నారు."	0
"నేను పట్టణానికి ఇటువైపు ఉన్నప్పుడు, ఇది ఖచ్చితంగా నేను మళ్లీ కొట్టే ప్రదేశం!"	1
నేను నా పానీయం పొందడానికి 30 నిమిషాల కంటే ఎక్కువ వేచి ఉండాల్సి వచ్చింది మరియు 2 అరేపాస్ పొందడానికి ఎక్కువ సమయం పట్టింది.	0
తినడానికి ఇది గొప్ప ప్రదేశం!	1
జలపెనో బేకన్ చాలా బాగుంది.	1
సేవ పేలవంగా ఉంది మరియు అది బాగుంది.	0
"ఆహారం బాగుంది, సేవ బాగుంది, ధరలు బాగున్నాయి."	1
స్థలం శుభ్రంగా లేదు మరియు ఆహారం చాలా పాతది!	0
"చికెన్ వంటకాలు సరే, గొడ్డు మాంసం షూ లెదర్ లాంటిది."	0
కానీ సేవ అధ్వాన్నంగా ఉంది.	0
"నేను ఇక్కడ ఉన్నందుకు చాలా సంతోషంగా ఉన్నాను!!!"""	1
మురికిగా రుచి చూసింది.	0
ఫీనిక్స్	1
బ్లాక్ అద్భుతంగా ఉంది.	1
"ఇది నా ఇంటికి దగ్గరగా ఉంది, ఇది తక్కువ-కీ, నాన్-ఫాన్సీ, సరసమైన ధరలు, మంచి ఆహారం."	1
* హాట్ & సోర్ & ఎగ్ ఫ్లవర్ సూప్	1
నా సాషిమి నాసిరకం మరియు రుచి లేకుండా నాణ్యమైనది.	0
గొప్ప సమయం - ఆదివారం రాత్రి కుటుంబ విందు.	1
"ఆహారం రుచికరంగా ఉండదు, దాని ""నిజమైన సాంప్రదాయ హునాన్ శైలి"" అని చెప్పలేము."	0
"నాకు ఇబ్బంది కలిగించేది, నెమ్మదిగా సేవ చేయడం."	0
ఫ్లెయిర్ బార్టెండర్లు ఖచ్చితంగా అద్భుతమైనవి!	1
వారి ఘనీభవించిన మార్గరీటాలు నా రుచికి చాలా చక్కెరగా ఉన్నాయి.	0
"ఇవి చాలా బాగున్నాయి, మేము వాటిని రెండుసార్లు ఆర్డర్ చేసాము."	1
కాబట్టి క్లుప్తంగా చెప్పాలంటే: 1) రెస్టారెంట్ మురికి చేపల మార్కెట్ మరియు మురుగు కాలువల కలయిక వంటి వాసన.	0
నా స్నేహితురాలి దూడ చాలా చెడ్డది.	0
"దురదృష్టవశాత్తు, అది మంచిది కాదు."	0
నాకు చాలా సంతృప్తికరమైన అనుభవం ఉంది.	1
క్లబ్	1
బీర్ ఐస్ కోల్డ్	1
చప్పగా మరియు రుచిలేనిది కేవలం గోరువెచ్చని మాంసాన్ని వివరించడానికి మంచి మార్గం.	0
నేను అభిమానించని చైన్	0
నాచోలు తప్పనిసరిగా ఉండాలి!	1
మేము తిరిగి రాలేము.	0
"ఈ స్థలం గురించి చెప్పడానికి నా దగ్గర చాలా పదాలు లేవు, కానీ ఇది ప్రతిదీ చాలా చక్కగా చేస్తుంది."	1
డౌన్	1
"గొప్ప వాతావరణం, స్నేహపూర్వక మరియు వేగవంతమైన సేవ."	1
"నేను నా పిటాను స్వీకరించినప్పుడు అది చాలా పెద్దది, దానిలో చాలా మాంసం ఉంది కాబట్టి అక్కడ బ్రొటనవేళ్లు ఉన్నాయి."	1
మీ ఆహారం వచ్చిన తర్వాత అది మెహ్.	0
వీనర్	0
క్లాసిక్ మైనే లోబ్స్టర్ రోల్ అద్భుతంగా ఉంది.	1
మాల్	0
చాలా బాగుంది నేను ఈ స్థలాన్ని రెండుసార్లు సమీక్షించవలసి ఉంది - ఒకసారి ఇక్కడ స్థలానికి నివాళి మరియు ఒకసారి ...	1
"చిప్స్ మరియు సల్సా చాలా బాగున్నాయి, సల్సా చాలా తాజాగా ఉంది."	1
ఈ స్థలం చాలా బాగుంది!!!!!!!!!!!!!!!	1
మధ్యస్థ ఆహారం.	0
మీరు లోపలికి ప్రవేశించిన తర్వాత మీరు ఆ ప్రదేశంతో ఆకట్టుకుంటారు.	1
నేను సూపర్ పిసిడిని.	0
మరియు సేవ చాలా స్నేహపూర్వకంగా ఉంది.	1
ఈ విచారకరమైన చిన్న కూరగాయలు ఎందుకు ఎక్కువగా వండుతారు?	0
ఈ స్థలం చాలా చక్కని ఆశ్చర్యాన్ని కలిగించింది!	1
అవి బంగారు రంగులో మంచిగా పెళుసైనవి మరియు రుచికరమైనవి.	1
బర్గర్	0
నేను రోజంతా వారి బ్రష్చెట్టాను తినగలను.	1
మేము బాగున్నామా లేదా వాటర్ రీఫిల్ అవసరమా అని చూడటానికి ఒక్క ఉద్యోగి కూడా బయటకు రాలేదు ...	0
"చివరగా, మోజారెల్లా స్టిక్స్, మేము ఆర్డర్ చేసిన వాటిలో ఉత్తమమైనవి."	1
"నేను మొదటిసారి ఇక్కడికి వచ్చినప్పుడు నాకు అద్భుతమైన అనుభవం ఎదురైంది, ఇప్పటికీ ప్రజలకు ఎంత అద్భుతంగా ఉందో చెబుతాను..."	1
సర్వర్ మా అవసరాల పట్ల చాలా నిర్లక్ష్యంగా ఉంది మరియు మాకు చాలా అప్రియమైనదిగా అనిపించింది... నేను దానిని సూచించను...	0
అయితే సేవ భయంకరంగా ఉంది.	0
"ఈ స్థలం అధిక ధరను కలిగి ఉంది, వారి బోబాకు అనుగుణంగా లేదు మరియు ఇది నిజంగా అధిక ధరలో ఉంది!"	0
ఇది ప్యాక్ చేయబడింది !!	0
నేను ఈ స్థలాన్ని ప్రేమిస్తున్నాను.	1
డెజర్ట్	1
ఆహారం భయంకరంగా ఉంది.	0
సీజనల్ ఫ్రూట్ ఫ్రెష్ వైట్ పీచ్ పురీ.	1
ఇది మరింత దిగజారుతూనే ఉంది కాబట్టి ఇప్పుడు నేను అధికారికంగా పూర్తి చేసాను.	0
ఈ స్థలం నిజాయితీగా పేల్చివేయబడాలి.	0
కానీ నేను ఖచ్చితంగా మళ్ళీ ఇక్కడ తినను.	0
మీ డబ్బును ఇక్కడ వృధా చేసుకోకండి!	0
వారు తమ ఆహారాన్ని చిన్న కాగితంలో ఉంచకుండా మంచి ప్లాస్టిక్ కంటైనర్లలో ఉంచడం నాకు చాలా ఇష్టం...	1
క్రేప్ సున్నితమైన మరియు సన్నగా మరియు తేమగా ఉంది.	1
భయంకరమైన సేవ.	0
ఇంకెప్పుడూ ఇక్కడికి వెళ్లను.	0
ఆహార నాణ్యత భయంకరంగా ఉంది.	0
ఆ ధర కోసం నేను కొన్ని ప్రదేశాల గురించి ఆలోచించగలను.	0
ఇక్కడ సేవ ఉత్తమమైనది.	0
"నేను సుషీని ప్రేమిస్తున్నాను, కానీ కబుకి అధిక ధర, అధిక-హిప్ మరియు తక్కువ సేవలను కలిగి ఉందని నేను కనుగొన్నాను."	0
మీకు మీరే సహాయం చేయండి మరియు ఈ వంటకం నుండి దూరంగా ఉండండి.	0
చాలా తక్కువ సేవ.	0
టేబుల్ వద్ద ఉన్న ఎవరూ ఆహారం సగటు కంటే ఎక్కువ లేదా మేము దాని కోసం వేచి ఉన్నంత విలువైనదిగా భావించలేదు.	0
"అత్యుత్తమ సేవ మరియు ఆహారం, మారియా మా సర్వర్ చాలా బాగుంది మరియు స్నేహపూర్వకంగా ఉంది, ఆమె మా రోజును తయారు చేసింది."	1
వారు అద్భుతమైన ఉన్నారు.	1
నేను బిల్లు చెల్లించాను కానీ సర్వర్ భయంకరమైన పని చేసిందని నేను భావించినందున టిప్ చేయలేదు.	0
ఇక్కడే భోజనం చేసి గొప్ప అనుభూతిని పొందారు.	1
"నేను ఇంత చప్పగా ఉండే ఆహారాన్ని ఎన్నడూ తీసుకోలేదు, ఇది మనం చదివిన కథనాన్ని చాలా దృష్టిలో ఉంచుకుని నన్ను ఆశ్చర్యపరిచింది ..."	0
ఆహారం అధిక ధరతో కూడుకున్నది మరియు భాగాలు చిన్నవిగా ఉన్నాయి.	0
నేను ఇటీవల కాబల్లెరోస్	1
"తలకు 40 బక్స్, నేను నిజంగా మంచి ఆహారాన్ని ఆశిస్తున్నాను."	0
ఆహారం మంచి వేగంతో బయటకు వచ్చింది.	1
నా చివరి సందర్శనలో నేను అక్కడ రెండుసార్లు తిన్నాను మరియు ముఖ్యంగా సాల్మన్ సలాడ్	1
నేను తిరిగి రాను.	0
గుల్లలు ఎంత మురికిగా ఉన్నాయో మేము నమ్మలేకపోయాము!	0
ఈ స్థలం స్టార్	0
నేను ఈ స్థలాన్ని సిఫార్సు చేయను.	0
"నిజానికి నేను 4 నక్షత్రాల వరకు పూర్తి చేయబోతున్నాను, ఎందుకంటే ఆమె చాలా అద్భుతంగా ఉంది."	1
"నా అవిశ్వాసానికి, ప్రతి వంటకం నేను ఇప్పటివరకు రుచి చూడని ఈ ఆహారాల యొక్క చెత్త వెర్షన్"	0
"చెడ్డ రోజు లేదా కాదు, మొరటు కస్టమర్ సర్వీస్ వ్యక్తుల పట్ల నాకు చాలా తక్కువ సహనం ఉంది, ఇది మీ పని ..."	0
బంగాళదుంపలు చాలా బాగున్నాయి మరియు బిస్కట్ కూడా అంతే.	1
నేను బహుశా మళ్లీ ఇక్కడికి వెళ్లను.	0
చాలా సువాసన మరియు ఖచ్చితమైన వేడిని కలిగి ఉంటుంది.	1
ధర సహేతుకమైనది మరియు సేవ గొప్పది.	1
భార్య తన భోజనాన్ని (కొబ్బరి రొయ్యలు) అసహ్యించుకుంది మరియు మా స్నేహితులు నిజంగా వారి భోజనాన్ని ఆస్వాదించలేదు.	0
నా వ్యక్తి హ్యూవోస్ రాంచెరోస్	0
"హ్యాపీ అవర్ కోసం వెళ్ళారు, వైన్"	1
"ఈ బఫే చాలా ఖరీదైనదని కొందరు అనవచ్చు, కానీ మీరు చెల్లించే ధర మీకు లభిస్తుందని నేను భావిస్తున్నాను మరియు ఈ స్థలం మీరు గెట్టి..."	1
నేను బహుశా ఇక్కడికి తిరిగి రాలేను.	0
నేను కొంతకాలంగా చేసిన చెత్త ఆహారం/సేవ.	0
"ఈ స్థలం చాలా బాగుంది, రెస్టారెంట్‌లో మంచి చిన్న వైబ్."	1
"గొప్ప కస్టమర్ సేవ గురించి మాట్లాడండి, మేము తిరిగి వస్తాము."	1
"వేడి వంటకాలు వేడిగా ఉండవు, చల్లటి వంటకాలు గది ఉష్ణోగ్రతకు దగ్గరగా ఉంటాయి. నేను సిబ్బంది బేర్ హాతో ఆహారాన్ని సిద్ధం చేయడం చూశాను..."	0
నేను వారి ఫ్రైస్ మరియు వారి బీన్స్‌ను ప్రేమిస్తున్నాను.	1
అతనితో వ్యవహరించడం ఎల్లప్పుడూ ఆనందంగా ఉంటుంది.	1
వారికి సలాడ్‌లు మరియు శాండ్‌విచ్‌లు పుష్కలంగా ఉన్నాయి మరియు నేను ప్రయత్నించిన ప్రతిదానికీ నా ఆమోద ముద్ర లభిస్తుంది.	1
మీరు వేసవిలో ఏదైనా తేలికగా మరియు ఆరోగ్యంగా ఉండాలనుకుంటే ఈ ప్రదేశం అద్భుతంగా ఉంటుంది.	1
"స్ట్రిప్‌లో సుషీ కోసం, ఇది వెళ్లవలసిన ప్రదేశం."	1
"సేవ చాలా బాగుంది, మేనేజర్ కూడా వచ్చి మా టేబుల్‌కి సహాయం చేసారు."	1
డైనింగ్ రూమ్ యొక్క అనుభూతి హై క్లాస్ డైనింగ్ కంటే ఎక్కువ కాలేజ్ కుకింగ్ కోర్స్ మరియు సర్వీస్ w...	0
"నేను ఈ సమీక్షను ఇద్దరు స్టార్‌లతో ప్రారంభించాను, కానీ దానికి ఒక్కటి మాత్రమే ఇచ్చేలా ఎడిట్ చేస్తున్నాను."	0
కాస్ట్‌కోతో పాటు నేను తిన్న అత్యంత చెత్త సుషీ ఇది.	0
"మొత్తం మీద అద్భుతమైన సేవ, ప్రత్యేకమైన మెనూ మరియు అందమైన సెట్‌తో హైలైట్ చేయబడిన అద్భుతమైన రెస్టారెంట్..."	1
నా ప్రియుడు మరియు నేను బార్‌లో కూర్చున్నాము మరియు పూర్తిగా సంతోషకరమైన అనుభవాన్ని పొందాము.	1
యజమానుల నుండి విచిత్రమైన వైబ్.	0
దాదాపు మాంసం లేదు.	0
నేను కిరాణా దుకాణం నుండి మంచి బేగెల్స్‌ను కలిగి ఉన్నాను.	0
గైరోస్ కోసం ప్లేస్‌కి వెళ్లండి.	1
"నేను యజమాని/చెఫ్‌ని ప్రేమిస్తున్నాను, అతని ఒక ప్రామాణికమైన జపనీస్ కూల్ డ్యూడ్!"	1
"ఇప్పుడు బర్గర్‌లు అంత మంచివి కావు, ఒకప్పుడు అద్భుతంగా ఉండే పిజ్జా పిండిగా మరియు రుచిగా లేదు."	0
నా సల్సాలో ఆరు అంగుళాల పొడవు గల వైర్ ముక్క దొరికింది.	0
"సేవ భయంకరమైనది, ఆహారం సామాన్యమైనది."	0
మేము ఖచ్చితంగా ఆనందించాము.	1
నేను అల్బోండిగాస్ సూప్‌ని ఆర్డర్ చేసాను - ఇది కేవలం వెచ్చగా ఉంది - మరియు స్తంభింపచేసిన మీట్‌బాల్‌లతో టొమాటో సూప్ లాగా రుచి చూసాను.	0
మూడు వేర్వేరు సందర్భాలలో నేను బాగా చేసాను లేదా మీడియం బాగా చేయమని అడిగాను మరియు మూడు సార్లు నాకు blo...	0
నాకు రెండు కాటులు ఉన్నాయి మరియు ఇకపై తినడానికి నిరాకరించాను.	0
సేవ చాలా నెమ్మదిగా ఉంది.	0
"20 నిమిషాల నిరీక్షణ తర్వాత, నాకు టేబుల్ వచ్చింది."	0
సీరియస్‌గా కిల్లర్ హాట్ చాయ్ లట్టే.	1
మెనులో అలర్జీ హెచ్చరికలు లేవు మరియు వెయిట్రెస్‌కి ఏ భోజనం చేశారో లేదా చేశారో ఖచ్చితంగా తెలియదు...	0
నా ప్రియుడు మెడిటరేనియన్ చికెన్ సలాడ్‌ని ప్రయత్నించాడు మరియు ప్రేమలో పడ్డాడు.	1
ట్యాప్‌లో తిరిగే వారి బీర్లు కూడా ఈ ప్రదేశంలో హైలైట్.	1
మెల్లో మష్రూమ్‌లో ధర కొంత ఆందోళన కలిగిస్తుంది.	0
చెత్త థాయ్.	0
"మీరు వెగాస్‌లో బస చేస్తే, కనీసం ఒక్కసారైనా ఇక్కడ అల్పాహారం తీసుకోవాలి."	1
నేను మొదట మా సర్వర్ గొప్పదని చెప్పాలనుకుంటున్నాను మరియు మాకు ఖచ్చితమైన సేవ ఉంది.	1
పిజ్జా ఎంపికలు బాగున్నాయి.	1
"నేను స్ట్రాబెర్రీ టీ తాగాను, అది మంచిది."	1
నమ్మకమైన పోషకుడి పట్ల అత్యంత వృత్తిపరంగా మరియు మొరటుగా!	0
"మొత్తంమీద, గొప్ప అనుభవం."	1
మీ డబ్బును వేరే చోట ఖర్చు చేయండి.	0
వారి రెగ్యులర్ టోస్ట్ బ్రెడ్ అప్పుడప్పుడు వెన్నతో సమానంగా సంతృప్తికరంగా ఉంది... మ్మ్మ్మ్...!	1
బెల్లాజియోలోని బఫెట్ నేను ఊహించిన దానికి దూరంగా ఉంది.	0
"మరియు పానీయాలు బలహీనంగా ఉన్నాయి, ప్రజలారా!"	0
-నా ఆర్డర్ సరైనది కాదు.	0
"అలాగే, చిప్స్ ఇంట్లో తయారు చేసినవి కాకుండా కొనుగోలు చేసినట్లు నేను భావిస్తున్నాను."	0
నిరాశపరిచిన విందు తర్వాత మేము డెజర్ట్ కోసం వేరే చోటికి వెళ్ళాము.	0
ఇక్కడ చిప్స్ మరియు సాల్స్ అద్భుతమైనవి!!!!!!!!!!!!!!!!!!!	1
మేము తిరిగి రాము.	0
ఇది నా కొత్త ఇష్టమైన వెగాస్ బఫే స్పాట్.	1
"యజమాని చాలా మంది అనుభవం లేని ఉద్యోగులను కలిగి ఉన్నారని నేను తీవ్రంగా నమ్మలేకపోతున్నాను, అందరూ ఒక..."	0
చాలా చాలా బాధగా ఉంది.	0
"నేను అవమానించబడ్డాను మరియు అగౌరవంగా భావించాను, మీరు మరొక మనిషిని ఎలా మాట్లాడగలరు మరియు తీర్పు చెప్పగలరు?   "	0
"మీరు స్టీక్‌ను సరిగ్గా ఉడికించలేకపోతే మిమ్మల్ని మీరు స్టీక్‌హౌస్ అని ఎలా పిలుచుకుంటారు, నాకు అర్థం కాలేదు!"	0
నేను కాన్సెప్ట్ లేదా ఫుడ్‌తో ఆకట్టుకోలేదు.	0
నేను చాలా వెర్రి కాదు మాత్రమే విషయం వారి guacamole అది నాకు puréed ఇష్టం లేదు.	0
"పోస్టినోస్‌లో నాకు నిజంగా ఏమీ లేదు, మీ అనుభవం మెరుగ్గా ఉంటుందని ఆశిస్తున్నాను"	0
ఇక్కడ బఫేలో నాకు ఫుడ్ పాయిజనింగ్ వచ్చింది.	0
వారు తాజా బ్యాచ్ ఫ్రైస్ తెచ్చారు మరియు నేను వెచ్చగా ఏదో ఆలోచిస్తున్నాను కానీ కాదు!	0
"గుర్తుంచుకోవడానికి ఉల్లాసంగా, రుచికరమైన క్రిస్మస్ ఈవ్ డిన్నర్‌గా ఉండాల్సింది ఏమిటంటే ఇది అతిపెద్ద వైఫల్యం..."	0
"చెప్పనవసరం లేదు, నేను ఎప్పుడైనా తిరిగి వెళ్ళను."	0
ఈ స్థలం అసహ్యంగా ఉంది!	0
"నేను ఇక్కడ తిన్న ప్రతిసారీ, నేను వృత్తిపరమైన స్థాయికి శ్రద్ధగల టీమ్‌వర్క్‌ని చూస్తాను."	1
RI శైలి కాలమారి ఒక జోక్.	0
"అయితే, ఫండ్యులో చాలా వెల్లుల్లి ఉంది, అది కేవలం తినదగినది కాదు."	0
"నేను భోజనం చేయలేకపోయాను, కానీ అది వ్యాపార మధ్యాహ్న భోజనం అయినందున ఫిర్యాదు చేయలేదు."	0
"ఇది చాలా చెడ్డది, దాన్ని పూర్తి చేయడానికి నేను హృదయాన్ని కోల్పోయాను."	0
మేం అడిగినప్పుడు చెక్కు తీసుకురావడానికి ఆమెకు ఎప్పటికైనా పట్టింది.	0
మేము రెస్టారెంట్లలో సీన్ చేసే వాళ్ళం కాదు కానీ నాకు అర్థం కాలేదు...తప్పకుండా ప్రేమను కోల్పోయాను...	0
నిరాశాజనక అనుభవం.	0
"ఆహారం డెన్నీస్‌తో సమానంగా ఉంటుంది, ఇది అస్సలు మంచిది కాదు."	0
"మీరు సాధారణ ఆహారం మరియు భయంకరమైన సేవ కోసం వేచి ఉండాలనుకుంటే, ఇది మీ కోసం..."	0
WAAAAAAyyyyyyyyy ఓవర్ రేటింగ్ మాత్రమే నేను చెబుతున్నాను.	0
మేము తిరిగి వెళ్ళము.	0
స్థలం చాలా శుభ్రంగా ఉంది కానీ ఆహారం విలువైనది కాదు.	0
ఈ స్థలంలో శైలి లేదు!!	0
"సాంగ్రియా ఒక గ్లాస్ వైన్‌లో సగం నిండి ఉంది మరియు $12, హాస్యాస్పదంగా ఉంది."	0
ఇక్కడికి వచ్చి ఇబ్బంది పడకండి.	0
"మాంసం చాలా పొడిగా ఉంది, నేను ముక్కలు చేసిన బ్రిస్కెట్ మరియు తీసిన పంది మాంసం కలిగి ఉన్నాను."	0
"భవనం చాలా చక్కగా ఉంది, బాత్రూమ్ చాలా ట్రిప్పీగా ఉంది, కానీ నేను మళ్లీ ఇక్కడ తినను."	0
ఇది సమానంగా భయంకరంగా ఉంది.	0
బహుశా తిరిగి వెళ్ళడానికి తొందరపడకపోవచ్చు.	0
రిజర్వేషన్‌తో కూడా కూర్చోవడం చాలా నెమ్మదిగా ఉంటుంది.	0
ఊహకు అందనిది మంచిది కాదు.	0
జీడిపప్పు క్రీమ్ సాస్ చప్పగా ఉంది మరియు కూరగాయలు తక్కువగా వండబడ్డాయి.	0
"చిపోల్ట్ రాంచ్ డిప్పింగ్ సాస్ రుచి లేకుండా, సన్నగా మరియు వేడి లేకుండా నీరుగా ఉన్నట్లు అనిపించింది."	0
"ఇది కొంచెం చాలా తీపిగా ఉంది, నిజంగా తగినంత కారంగా లేదు మరియు రుచి లేదు."	0
నేను చాలా నిరాశ చెందాను!!	0
ఈ స్థలం భయంకరమైనది మరియు అధిక ధర.	0
"బహుశా ఇది వారి శాఖాహారం ఛార్జీలు మాత్రమే కావచ్చు, కానీ నేను రెండుసార్లు వచ్చాను మరియు ఇది ఉత్తమంగా ఉందని నేను భావించాను."	0
ఇది అస్సలు బిజీగా లేదు మరియు ఇప్పుడు మాకు ఎందుకు తెలుసు.	0
బయట టేబుల్స్ కూడా చాలా సమయం మురికిగా ఉంటాయి మరియు కార్మికులు ఎల్లప్పుడూ స్నేహపూర్వకంగా మరియు సహాయం చేయరు...	0
"ఇక్కడి వాతావరణం బఫే సెట్టింగ్‌లా అనిపించలేదు, కానీ టీ కోసం డౌచీ ఇండోర్ గార్డెన్‌గా ఉంటుంది..."	0
ప్రతికూలత: స్పాటీ సేవ.	0
ఫ్రైస్ వేడిగా లేవు మరియు నా బర్గర్ కూడా లేదు.	0
కానీ వారు చల్లగా తిరిగి వచ్చారు.	0
"అప్పుడు మా ఆహారం బయటకు వచ్చింది, నిరాశ ఏర్పడింది."	0
నిజమైన నిరాశ మా వెయిటర్.	0
నా భర్త ఆమె చాలా అసభ్యంగా ప్రవర్తించిందని.. చెడు తిండికి లేదా మరేదైనా క్షమాపణ కూడా చెప్పలేదని అన్నారు.	0
"ఇక్కడ తినడానికి గల ఏకైక కారణం ఏమిటంటే, రాత్రిపూట అతిగా మద్యం సేవించడం కోసం కొంత మొత్తంలో తాగడం..."	0
"అవమానాలు, గాఢమైన డ్యూచెబ్యాగరీ, మరియు కేవలం ఘనమైన వడ్డించే సమయంలో పొగ విరామం కోసం బయటికి వెళ్లవలసి వచ్చింది..."	0
"ఎవరైనా రెండు టాకోలను ఆర్డర్ చేస్తే, అది దువ్వెన కాదా అని అడగడం కస్టమర్ సేవలో భాగమేనని మీరు అనుకుంటున్నారు..."	0
కొన్ని నిందలు ఆమె తలుపు వద్ద ఉంచవలసి ఉన్నప్పటికీ ఆమె చాలా నిరాశ చెందింది.	0
"అన్ని విపరీతమైన సమీక్షల తరువాత, నేను ఇక్కడ తినడానికి వేచి ఉండలేకపోయాను...... ఎంత నిరాశ!"	0
డెల్ టాకో చాలా అసహ్యకరమైనది మరియు వీలైతే వాటిని నివారించాలి.	0
మంచి హాంబర్గర్‌ని తయారు చేయడం కష్టం కాదు.	0
కానీ అది నాకు ఇష్టం లేదు.	0
హెల్ లేదు నేను తిరిగి వెళ్తాను	0
మేము అందుకున్న సేవల కంటే పక్కనే ఉన్న పిజ్జా ప్లేస్ నుండి మెరుగైన సేవను పొందాము...	0
"ఈ స్థలం గురించి పెద్ద విషయం ఏమిటో నాకు తెలియదు, కానీ నేను ""అయ్యా"" అని తిరిగి రాలేను."	0
"నేను వెంటనే మేనేజర్‌తో మాట్లాడాలనుకుంటున్నాను అని చెప్పాను, కానీ నేను డోయి అయిన వ్యక్తితో మాట్లాడటానికి ఇష్టపడలేదు ..."	0
వాతావరణం అంత మెరుగ్గా లేదు.	0
"దురదృష్టవశాత్తు, ఇది మా ఎంట్రీలతో మాకు నిరాశ కలిగించింది."	0
ఆహారం బాగాలేదు.	0
"మీ సర్వర్‌లు సక్, వెయిట్, కరెక్షన్, మా సర్వర్ హీమర్ సక్డ్."	0
తర్వాత జరిగింది చాలా అందంగా ఉంది....ఆఫ్ పుటింగ్.	0
"చాలా చెడ్డ కారణం ఇది కుటుంబ యాజమాన్యం అని నాకు తెలుసు, నేను ఈ స్థలాన్ని నిజంగా ఇష్టపడాలనుకుంటున్నాను."	0
మీరు పొందుతున్న దాని కోసం అధిక ధర.	0
మధ్యాహ్న భోజనం బాత్రూంలో వాంతి చేసుకున్నాను.	0
"నేను సమయం చూస్తూనే ఉన్నాను మరియు అది వెంటనే 35 నిమిషాలు అయ్యింది, ఇంకా ఆహారం లేదు."	0
"నేను తినడానికి చాలా తక్కువ ప్రదేశాలకు వెళ్ళాను, ఎట్టి పరిస్థితుల్లోనూ నేను తిరిగి రాను, మరియు ఇది..."	0
మేము బ్రౌన్ కలర్‌లో ఉండే ట్యూనా సాషిమితో ప్రారంభించాము మరియు స్పష్టంగా తాజాగా లేదు.	0
ఆహారం సగటు కంటే తక్కువగా ఉంది.	0
ఇది ఖచ్చితంగా సినిమాలలో నాచోస్‌ను ఓడించింది కానీ నేను రెస్టా నుండి కొంచెం ఎక్కువ వస్తుందని ఆశిస్తున్నాను...	0
మొత్తానికి హ లాంగ్ బే కాస్త ఫ్లాప్ అయ్యింది.	0
"నాకు ఉన్న సమస్య ఏమిటంటే, సబ్‌వే సబ్‌వే కంటే పెద్దది కాని శాండ్‌విచ్ కోసం వారు $11.99 వసూలు చేస్తారు."	0
రొయ్యలు- నేను దానిని విప్పినప్పుడు (నేను బ్రష్‌ఫైర్ నుండి 1/2 మైలు దూరంలో మాత్రమే నివసిస్తున్నాను) అది అక్షరాలా మంచు చల్లగా ఉంది.	0
"దీనికి రుచి లేదు, ఉడికినట్లు మరియు పొడిగా అనిపించింది."	0
స్థలం మూసివేయబడకపోవడం నిజంగా ఆకట్టుకుంటుంది.	0
మీరు మిరాజ్‌లో ఉంటున్నట్లయితే నేను ఈ స్థలాన్ని తప్పించుకుంటాను.	0
నా భోజనంతో పాటు వచ్చిన రిఫ్రైడ్ బీన్స్ ఎండిపోయి క్రస్టీగా ఉన్నాయి మరియు ఆహారం చప్పగా ఉంది.	0
మీ డబ్బు మరియు సమయాన్ని వేరే చోట ఖర్చు చేయండి.	0
మా పక్కన టేబుల్ వద్ద ఉన్న ఒక మహిళ తన సలాడ్‌లో లైవ్ గ్రీన్ గొంగళి పురుగును కనుగొంది.	0
ఆహారం యొక్క ప్రదర్శన భయంకరంగా ఉంది.	0
నేను ఎంత నిరాశకు గురయ్యానో చెప్పలేను.	0
ఆహారం రుచి మరియు ఆకృతిని కలిగి ఉండాలని నేను భావిస్తున్నాను మరియు రెండూ లోపించాయి.	0
ఆకలి వెంటనే పోయింది.	0
మొత్తంమీద నేను ఆకట్టుకోలేదు మరియు వెనక్కి వెళ్ళను.	0
మొత్తం అనుభవం చాలా తక్కువగా ఉంది మరియు మేము తదుపరిసారి నింజా సుషీకి వెళ్తామని అనుకుంటున్నాను.	0
"అప్పుడు, నేను అక్కడ నా జీవితాన్ని వృధా చేయనట్లుగా, వారు వత్తిని తీసి గాయంలో ఉప్పు పోశారు."	0